,time_per_10_min,time_per_1_min,Close,Open
0,1,1,,2.0
1,1,2,,3.0
2,1,3,,12.0
3,1,4,,7.0
4,1,5,,9.0
5,1,6,1.0,6.0
6,1,7,,11.0
7,1,8,1.0,21.0
8,1,9,1.0,14.0
9,1,10,2.0,18.0
10,2,1,1.0,19.0
11,2,2,2.0,14.0
12,2,3,1.0,18.0
13,2,4,1.0,13.0
14,2,5,1.0,13.0
15,2,6,1.0,16.0
16,2,7,1.0,12.0
17,2,8,1.0,17.0
18,2,9,,18.0
19,2,10,2.0,25.0
20,3,1,4.0,12.0
21,3,2,2.0,14.0
22,3,3,1.0,19.0
23,3,4,5.0,13.0
24,3,5,2.0,15.0
25,3,6,4.0,19.0
26,3,7,1.0,13.0
27,3,8,1.0,18.0
28,3,9,6.0,13.0
29,3,10,4.0,22.0
30,4,1,5.0,18.0
31,4,2,5.0,17.0
32,4,3,2.0,17.0
33,4,4,8.0,18.0
34,4,5,6.0,16.0
35,4,6,4.0,16.0
36,4,7,4.0,17.0
37,4,8,7.0,18.0
38,4,9,6.0,18.0
39,4,10,4.0,20.0
40,5,1,2.0,16.0
41,5,2,3.0,17.0
42,5,3,3.0,12.0
43,5,4,7.0,14.0
44,5,5,5.0,20.0
45,5,6,5.0,15.0
46,5,7,6.0,15.0
47,5,8,5.0,18.0
48,5,9,4.0,11.0
49,5,10,2.0,20.0
50,6,1,7.0,12.0
51,6,2,8.0,22.0
52,6,3,5.0,16.0
53,6,4,9.0,18.0
54,6,5,7.0,11.0
55,6,6,7.0,20.0
56,6,7,6.0,19.0
57,6,8,10.0,20.0
58,6,9,9.0,18.0
59,6,10,3.0,14.0
60,7,1,10.0,19.0
61,7,2,11.0,21.0
62,7,3,7.0,9.0
63,7,4,11.0,19.0
64,7,5,9.0,16.0
65,7,6,14.0,18.0
66,7,7,6.0,18.0
67,7,8,9.0,18.0
68,7,9,10.0,12.0
69,7,10,11.0,23.0
70,8,1,9.0,14.0
71,8,2,11.0,13.0
72,8,3,7.0,10.0
73,8,4,8.0,25.0
74,8,5,13.0,17.0
75,8,6,7.0,13.0
76,8,7,5.0,11.0
77,8,8,9.0,17.0
78,8,9,14.0,12.0
79,8,10,6.0,17.0
80,9,1,12.0,20.0
81,9,2,12.0,22.0
82,9,3,11.0,26.0
83,9,4,11.0,14.0
84,9,5,8.0,12.0
85,9,6,9.0,18.0
86,9,7,13.0,22.0
87,9,8,14.0,23.0
88,9,9,6.0,13.0
89,9,10,11.0,12.0
90,10,1,21.0,18.0
91,10,2,5.0,17.0
92,10,3,11.0,16.0
93,10,4,14.0,10.0
94,10,5,6.0,19.0
95,10,6,15.0,14.0
96,10,7,14.0,15.0
97,10,8,12.0,18.0
98,10,9,12.0,16.0
99,10,10,16.0,17.0
100,11,1,12.0,16.0
101,11,2,12.0,13.0
102,11,3,18.0,16.0
103,11,4,13.0,20.0
104,11,5,15.0,15.0
105,11,6,19.0,19.0
106,11,7,18.0,19.0
107,11,8,17.0,21.0
108,11,9,10.0,14.0
109,11,10,17.0,10.0
110,12,1,17.0,19.0
111,12,2,15.0,19.0
112,12,3,20.0,15.0
113,12,4,24.0,18.0
114,12,5,15.0,15.0
115,12,6,16.0,18.0
116,12,7,8.0,13.0
117,12,8,15.0,12.0
118,12,9,11.0,19.0
119,12,10,16.0,13.0
120,13,1,18.0,24.0
121,13,2,10.0,24.0
122,13,3,17.0,15.0
123,13,4,14.0,14.0
124,13,5,16.0,18.0
125,13,6,7.0,17.0
126,13,7,19.0,9.0
127,13,8,26.0,14.0
128,13,9,14.0,17.0
129,13,10,14.0,22.0
130,14,1,24.0,26.0
131,14,2,14.0,18.0
132,14,3,10.0,14.0
133,14,4,15.0,20.0
134,14,5,15.0,12.0
135,14,6,24.0,14.0
136,14,7,17.0,16.0
137,14,8,15.0,19.0
138,14,9,12.0,22.0
139,14,10,19.0,16.0
140,15,1,14.0,15.0
141,15,2,16.0,22.0
142,15,3,24.0,13.0
143,15,4,19.0,13.0
144,15,5,12.0,16.0
145,15,6,17.0,9.0
146,15,7,16.0,20.0
147,15,8,17.0,15.0
148,15,9,12.0,11.0
149,15,10,17.0,23.0
150,16,1,16.0,13.0
151,16,2,20.0,19.0
152,16,3,14.0,25.0
153,16,4,16.0,17.0
154,16,5,18.0,16.0
155,16,6,16.0,13.0
156,16,7,18.0,21.0
157,16,8,14.0,19.0
158,16,9,23.0,11.0
159,16,10,21.0,17.0
160,17,1,16.0,12.0
161,17,2,17.0,15.0
162,17,3,15.0,24.0
163,17,4,22.0,17.0
164,17,5,18.0,20.0
165,17,6,15.0,9.0
166,17,7,14.0,15.0
167,17,8,11.0,17.0
168,17,9,19.0,15.0
169,17,10,20.0,13.0
170,18,1,15.0,24.0
171,18,2,11.0,16.0
172,18,3,14.0,11.0
173,18,4,15.0,17.0
174,18,5,25.0,13.0
175,18,6,19.0,18.0
176,18,7,27.0,20.0
177,18,8,16.0,20.0
178,18,9,17.0,15.0
179,18,10,14.0,23.0
180,19,1,19.0,19.0
181,19,2,17.0,23.0
182,19,3,14.0,12.0
183,19,4,16.0,14.0
184,19,5,21.0,14.0
185,19,6,11.0,24.0
186,19,7,18.0,12.0
187,19,8,13.0,19.0
188,19,9,16.0,19.0
189,19,10,18.0,10.0
190,20,1,17.0,18.0
191,20,2,14.0,14.0
192,20,3,12.0,16.0
193,20,4,22.0,14.0
194,20,5,8.0,22.0
195,20,6,12.0,18.0
196,20,7,15.0,12.0
197,20,8,22.0,19.0
198,20,9,20.0,17.0
199,20,10,17.0,18.0
200,21,1,20.0,15.0
201,21,2,13.0,22.0
202,21,3,21.0,17.0
203,21,4,11.0,14.0
204,21,5,16.0,14.0
205,21,6,17.0,15.0
206,21,7,12.0,13.0
207,21,8,13.0,22.0
208,21,9,21.0,20.0
209,21,10,12.0,17.0
210,22,1,26.0,18.0
211,22,2,27.0,19.0
212,22,3,13.0,11.0
213,22,4,15.0,18.0
214,22,5,22.0,7.0
215,22,6,11.0,11.0
216,22,7,15.0,18.0
217,22,8,11.0,23.0
218,22,9,13.0,25.0
219,22,10,10.0,14.0
220,23,1,15.0,15.0
221,23,2,15.0,16.0
222,23,3,13.0,17.0
223,23,4,15.0,15.0
224,23,5,20.0,18.0
225,23,6,16.0,18.0
226,23,7,12.0,17.0
227,23,8,10.0,13.0
228,23,9,21.0,19.0
229,23,10,19.0,15.0
230,24,1,15.0,14.0
231,24,2,18.0,19.0
232,24,3,22.0,18.0
233,24,4,17.0,19.0
234,24,5,14.0,14.0
235,24,6,15.0,13.0
236,24,7,15.0,16.0
237,24,8,21.0,16.0
238,24,9,9.0,13.0
239,24,10,13.0,25.0
240,25,1,27.0,15.0
241,25,2,21.0,22.0
242,25,3,17.0,13.0
243,25,4,21.0,15.0
244,25,5,21.0,20.0
245,25,6,18.0,13.0
246,25,7,24.0,17.0
247,25,8,19.0,17.0
248,25,9,19.0,14.0
249,25,10,11.0,15.0
250,26,1,26.0,23.0
251,26,2,11.0,14.0
252,26,3,22.0,15.0
253,26,4,16.0,16.0
254,26,5,19.0,17.0
255,26,6,15.0,11.0
256,26,7,14.0,20.0
257,26,8,17.0,24.0
258,26,9,7.0,20.0
259,26,10,15.0,18.0
260,27,1,13.0,21.0
261,27,2,17.0,16.0
262,27,3,21.0,13.0
263,27,4,14.0,12.0
264,27,5,15.0,19.0
265,27,6,24.0,17.0
266,27,7,21.0,15.0
267,27,8,16.0,15.0
268,27,9,9.0,16.0
269,27,10,25.0,16.0
270,28,1,10.0,17.0
271,28,2,15.0,20.0
272,28,3,15.0,18.0
273,28,4,18.0,10.0
274,28,5,16.0,15.0
275,28,6,14.0,19.0
276,28,7,20.0,24.0
277,28,8,21.0,20.0
278,28,9,28.0,17.0
279,28,10,22.0,17.0
280,29,1,15.0,7.0
281,29,2,23.0,19.0
282,29,3,15.0,13.0
283,29,4,14.0,14.0
284,29,5,16.0,16.0
285,29,6,13.0,17.0
286,29,7,11.0,19.0
287,29,8,20.0,17.0
288,29,9,14.0,16.0
289,29,10,20.0,17.0
290,30,1,10.0,13.0
291,30,2,15.0,26.0
292,30,3,17.0,15.0
293,30,4,18.0,23.0
294,30,5,13.0,14.0
295,30,6,13.0,13.0
296,30,7,10.0,17.0
297,30,8,13.0,14.0
298,30,9,15.0,21.0
299,30,10,27.0,24.0
300,31,1,17.0,15.0
301,31,2,11.0,15.0
302,31,3,15.0,15.0
303,31,4,14.0,22.0
304,31,5,19.0,18.0
305,31,6,21.0,13.0
306,31,7,13.0,14.0
307,31,8,23.0,17.0
308,31,9,19.0,18.0
309,31,10,16.0,11.0
310,32,1,18.0,14.0
311,32,2,18.0,17.0
312,32,3,15.0,14.0
313,32,4,18.0,24.0
314,32,5,16.0,15.0
315,32,6,14.0,14.0
316,32,7,19.0,13.0
317,32,8,17.0,16.0
318,32,9,16.0,29.0
319,32,10,14.0,16.0
320,33,1,15.0,14.0
321,33,2,17.0,10.0
322,33,3,20.0,18.0
323,33,4,15.0,21.0
324,33,5,19.0,18.0
325,33,6,17.0,12.0
326,33,7,16.0,13.0
327,33,8,13.0,13.0
328,33,9,16.0,16.0
329,33,10,15.0,25.0
330,34,1,12.0,17.0
331,34,2,15.0,15.0
332,34,3,14.0,17.0
333,34,4,12.0,11.0
334,34,5,13.0,16.0
335,34,6,13.0,18.0
336,34,7,23.0,14.0
337,34,8,15.0,21.0
338,34,9,25.0,22.0
339,34,10,14.0,19.0
340,35,1,22.0,18.0
341,35,2,12.0,13.0
342,35,3,14.0,16.0
343,35,4,14.0,21.0
344,35,5,15.0,9.0
345,35,6,10.0,18.0
346,35,7,16.0,18.0
347,35,8,23.0,12.0
348,35,9,19.0,20.0
349,35,10,16.0,17.0
350,36,1,20.0,24.0
351,36,2,13.0,16.0
352,36,3,20.0,15.0
353,36,4,22.0,15.0
354,36,5,14.0,21.0
355,36,6,19.0,17.0
356,36,7,15.0,18.0
357,36,8,16.0,14.0
358,36,9,15.0,14.0
359,36,10,17.0,17.0
360,37,1,22.0,24.0
361,37,2,17.0,12.0
362,37,3,18.0,13.0
363,37,4,20.0,15.0
364,37,5,21.0,11.0
365,37,6,15.0,21.0
366,37,7,18.0,13.0
367,37,8,8.0,20.0
368,37,9,19.0,16.0
369,37,10,18.0,25.0
370,38,1,17.0,18.0
371,38,2,13.0,15.0
372,38,3,12.0,17.0
373,38,4,16.0,15.0
374,38,5,22.0,14.0
375,38,6,13.0,21.0
376,38,7,12.0,21.0
377,38,8,15.0,9.0
378,38,9,15.0,22.0
379,38,10,20.0,10.0
380,39,1,15.0,11.0
381,39,2,20.0,21.0
382,39,3,19.0,19.0
383,39,4,11.0,15.0
384,39,5,20.0,17.0
385,39,6,16.0,13.0
386,39,7,10.0,18.0
387,39,8,18.0,13.0
388,39,9,14.0,20.0
389,39,10,27.0,17.0
390,40,1,17.0,22.0
391,40,2,18.0,22.0
392,40,3,18.0,13.0
393,40,4,17.0,15.0
394,40,5,19.0,12.0
395,40,6,16.0,18.0
396,40,7,16.0,16.0
397,40,8,16.0,12.0
398,40,9,20.0,22.0
399,40,10,16.0,19.0
400,41,1,19.0,22.0
401,41,2,20.0,8.0
402,41,3,8.0,20.0
403,41,4,19.0,14.0
404,41,5,30.0,23.0
405,41,6,22.0,11.0
406,41,7,14.0,12.0
407,41,8,10.0,20.0
408,41,9,20.0,15.0
409,41,10,10.0,19.0
410,42,1,16.0,17.0
411,42,2,11.0,16.0
412,42,3,12.0,21.0
413,42,4,15.0,12.0
414,42,5,17.0,12.0
415,42,6,17.0,18.0
416,42,7,19.0,10.0
417,42,8,16.0,22.0
418,42,9,16.0,15.0
419,42,10,15.0,22.0
420,43,1,13.0,12.0
421,43,2,6.0,16.0
422,43,3,14.0,17.0
423,43,4,17.0,22.0
424,43,5,18.0,12.0
425,43,6,14.0,21.0
426,43,7,22.0,9.0
427,43,8,18.0,24.0
428,43,9,15.0,18.0
429,43,10,18.0,17.0
430,44,1,13.0,11.0
431,44,2,14.0,18.0
432,44,3,14.0,17.0
433,44,4,27.0,19.0
434,44,5,14.0,17.0
435,44,6,24.0,11.0
436,44,7,15.0,13.0
437,44,8,24.0,20.0
438,44,9,17.0,19.0
439,44,10,25.0,20.0
440,45,1,25.0,24.0
441,45,2,22.0,22.0
442,45,3,11.0,17.0
443,45,4,8.0,9.0
444,45,5,20.0,15.0
445,45,6,20.0,17.0
446,45,7,15.0,19.0
447,45,8,13.0,13.0
448,45,9,16.0,13.0
449,45,10,14.0,22.0
450,46,1,17.0,16.0
451,46,2,14.0,15.0
452,46,3,14.0,17.0
453,46,4,17.0,17.0
454,46,5,16.0,17.0
455,46,6,17.0,15.0
456,46,7,23.0,13.0
457,46,8,21.0,22.0
458,46,9,15.0,16.0
459,46,10,14.0,15.0
460,47,1,13.0,20.0
461,47,2,15.0,19.0
462,47,3,21.0,15.0
463,47,4,7.0,17.0
464,47,5,17.0,13.0
465,47,6,20.0,19.0
466,47,7,23.0,16.0
467,47,8,15.0,13.0
468,47,9,20.0,24.0
469,47,10,24.0,12.0
470,48,1,18.0,14.0
471,48,2,12.0,19.0
472,48,3,19.0,11.0
473,48,4,14.0,20.0
474,48,5,14.0,11.0
475,48,6,12.0,15.0
476,48,7,13.0,21.0
477,48,8,21.0,17.0
478,48,9,11.0,11.0
479,48,10,18.0,25.0
480,49,1,21.0,15.0
481,49,2,13.0,24.0
482,49,3,19.0,14.0
483,49,4,17.0,12.0
484,49,5,26.0,22.0
485,49,6,15.0,19.0
486,49,7,14.0,13.0
487,49,8,13.0,16.0
488,49,9,17.0,14.0
489,49,10,14.0,18.0
490,50,1,15.0,18.0
491,50,2,20.0,13.0
492,50,3,16.0,24.0
493,50,4,17.0,18.0
494,50,5,23.0,19.0
495,50,6,28.0,24.0
496,50,7,15.0,15.0
497,50,8,28.0,13.0
498,50,9,15.0,11.0
499,50,10,21.0,12.0
500,51,1,10.0,17.0
501,51,2,15.0,19.0
502,51,3,17.0,16.0
503,51,4,25.0,14.0
504,51,5,19.0,17.0
505,51,6,27.0,22.0
506,51,7,22.0,15.0
507,51,8,10.0,14.0
508,51,9,15.0,16.0
509,51,10,15.0,13.0
510,52,1,19.0,17.0
511,52,2,16.0,15.0
512,52,3,16.0,17.0
513,52,4,16.0,22.0
514,52,5,15.0,20.0
515,52,6,17.0,13.0
516,52,7,20.0,16.0
517,52,8,14.0,16.0
518,52,9,19.0,18.0
519,52,10,12.0,23.0
520,53,1,18.0,15.0
521,53,2,11.0,18.0
522,53,3,15.0,12.0
523,53,4,21.0,17.0
524,53,5,13.0,15.0
525,53,6,18.0,23.0
526,53,7,11.0,15.0
527,53,8,15.0,23.0
528,53,9,14.0,19.0
529,53,10,18.0,12.0
530,54,1,18.0,20.0
531,54,2,19.0,14.0
532,54,3,19.0,21.0
533,54,4,19.0,14.0
534,54,5,20.0,17.0
535,54,6,18.0,10.0
536,54,7,18.0,12.0
537,54,8,16.0,17.0
538,54,9,22.0,16.0
539,54,10,17.0,19.0
540,55,1,18.0,16.0
541,55,2,6.0,18.0
542,55,3,21.0,15.0
543,55,4,16.0,14.0
544,55,5,14.0,16.0
545,55,6,16.0,17.0
546,55,7,20.0,16.0
547,55,8,19.0,11.0
548,55,9,15.0,13.0
549,55,10,16.0,24.0
550,56,1,18.0,17.0
551,56,2,10.0,14.0
552,56,3,19.0,27.0
553,56,4,15.0,12.0
554,56,5,19.0,16.0
555,56,6,12.0,12.0
556,56,7,16.0,19.0
557,56,8,10.0,21.0
558,56,9,20.0,19.0
559,56,10,15.0,15.0
560,57,1,19.0,16.0
561,57,2,18.0,19.0
562,57,3,20.0,16.0
563,57,4,18.0,14.0
564,57,5,16.0,22.0
565,57,6,10.0,13.0
566,57,7,16.0,18.0
567,57,8,17.0,14.0
568,57,9,25.0,19.0
569,57,10,18.0,16.0
570,58,1,15.0,17.0
571,58,2,17.0,17.0
572,58,3,14.0,15.0
573,58,4,23.0,15.0
574,58,5,13.0,18.0
575,58,6,24.0,27.0
576,58,7,15.0,14.0
577,58,8,15.0,16.0
578,58,9,9.0,11.0
579,58,10,11.0,15.0
580,59,1,21.0,19.0
581,59,2,15.0,20.0
582,59,3,17.0,12.0
583,59,4,22.0,11.0
584,59,5,10.0,17.0
585,59,6,17.0,10.0
586,59,7,15.0,21.0
587,59,8,16.0,21.0
588,59,9,10.0,18.0
589,59,10,13.0,18.0
590,60,1,11.0,21.0
591,60,2,17.0,17.0
592,60,3,16.0,19.0
593,60,4,21.0,11.0
594,60,5,16.0,18.0
595,60,6,10.0,22.0
596,60,7,9.0,17.0
597,60,8,14.0,16.0
598,60,9,13.0,14.0
599,60,10,17.0,20.0
600,61,1,27.0,15.0
601,61,2,10.0,13.0
602,61,3,23.0,12.0
603,61,4,18.0,22.0
604,61,5,16.0,14.0
605,61,6,14.0,15.0
606,61,7,19.0,18.0
607,61,8,19.0,19.0
608,61,9,18.0,18.0
609,61,10,11.0,16.0
610,62,1,21.0,21.0
611,62,2,12.0,17.0
612,62,3,18.0,12.0
613,62,4,18.0,16.0
614,62,5,10.0,11.0
615,62,6,16.0,13.0
616,62,7,16.0,20.0
617,62,8,14.0,18.0
618,62,9,16.0,20.0
619,62,10,14.0,12.0
620,63,1,7.0,20.0
621,63,2,22.0,22.0
622,63,3,15.0,19.0
623,63,4,20.0,11.0
624,63,5,13.0,18.0
625,63,6,20.0,7.0
626,63,7,18.0,19.0
627,63,8,9.0,25.0
628,63,9,20.0,12.0
629,63,10,21.0,18.0
630,64,1,12.0,17.0
631,64,2,16.0,19.0
632,64,3,25.0,14.0
633,64,4,18.0,27.0
634,64,5,14.0,14.0
635,64,6,20.0,22.0
636,64,7,18.0,14.0
637,64,8,19.0,17.0
638,64,9,20.0,15.0
639,64,10,19.0,15.0
640,65,1,19.0,23.0
641,65,2,16.0,16.0
642,65,3,16.0,11.0
643,65,4,20.0,13.0
644,65,5,19.0,15.0
645,65,6,24.0,17.0
646,65,7,20.0,15.0
647,65,8,13.0,16.0
648,65,9,14.0,18.0
649,65,10,19.0,18.0
650,66,1,19.0,17.0
651,66,2,15.0,9.0
652,66,3,26.0,22.0
653,66,4,18.0,20.0
654,66,5,12.0,23.0
655,66,6,21.0,5.0
656,66,7,17.0,12.0
657,66,8,20.0,20.0
658,66,9,10.0,13.0
659,66,10,21.0,20.0
660,67,1,14.0,25.0
661,67,2,22.0,18.0
662,67,3,19.0,14.0
663,67,4,14.0,16.0
664,67,5,13.0,15.0
665,67,6,18.0,17.0
666,67,7,23.0,18.0
667,67,8,14.0,17.0
668,67,9,17.0,19.0
669,67,10,12.0,18.0
670,68,1,16.0,18.0
671,68,2,10.0,17.0
672,68,3,20.0,12.0
673,68,4,20.0,11.0
674,68,5,18.0,19.0
675,68,6,22.0,20.0
676,68,7,15.0,14.0
677,68,8,17.0,12.0
678,68,9,22.0,18.0
679,68,10,14.0,14.0
680,69,1,18.0,14.0
681,69,2,22.0,17.0
682,69,3,14.0,17.0
683,69,4,19.0,23.0
684,69,5,13.0,14.0
685,69,6,13.0,23.0
686,69,7,22.0,21.0
687,69,8,13.0,17.0
688,69,9,20.0,17.0
689,69,10,17.0,16.0
690,70,1,16.0,20.0
691,70,2,15.0,18.0
692,70,3,15.0,10.0
693,70,4,16.0,13.0
694,70,5,17.0,12.0
695,70,6,17.0,13.0
696,70,7,24.0,20.0
697,70,8,18.0,10.0
698,70,9,22.0,25.0
699,70,10,15.0,19.0
700,71,1,17.0,19.0
701,71,2,16.0,11.0
702,71,3,18.0,12.0
703,71,4,18.0,19.0
704,71,5,23.0,16.0
705,71,6,8.0,20.0
706,71,7,22.0,17.0
707,71,8,20.0,8.0
708,71,9,24.0,22.0
709,71,10,10.0,16.0
710,72,1,4.0,18.0
711,72,2,18.0,15.0
712,72,3,11.0,18.0
713,72,4,17.0,17.0
714,72,5,15.0,10.0
715,72,6,18.0,21.0
716,72,7,20.0,18.0
717,72,8,17.0,13.0
718,72,9,13.0,25.0
719,72,10,16.0,23.0
720,73,1,18.0,12.0
721,73,2,25.0,13.0
722,73,3,16.0,15.0
723,73,4,11.0,21.0
724,73,5,11.0,14.0
725,73,6,20.0,19.0
726,73,7,18.0,21.0
727,73,8,17.0,14.0
728,73,9,14.0,18.0
729,73,10,15.0,14.0
730,74,1,13.0,12.0
731,74,2,14.0,21.0
732,74,3,14.0,14.0
733,74,4,11.0,15.0
734,74,5,11.0,11.0
735,74,6,21.0,23.0
736,74,7,16.0,11.0
737,74,8,12.0,16.0
738,74,9,18.0,18.0
739,74,10,11.0,18.0
740,75,1,20.0,23.0
741,75,2,16.0,12.0
742,75,3,13.0,24.0
743,75,4,18.0,15.0
744,75,5,18.0,20.0
745,75,6,21.0,15.0
746,75,7,24.0,15.0
747,75,8,15.0,17.0
748,75,9,18.0,15.0
749,75,10,24.0,15.0
750,76,1,26.0,21.0
751,76,2,16.0,10.0
752,76,3,18.0,22.0
753,76,4,9.0,16.0
754,76,5,17.0,15.0
755,76,6,18.0,21.0
756,76,7,13.0,14.0
757,76,8,20.0,9.0
758,76,9,11.0,21.0
759,76,10,17.0,24.0
760,77,1,12.0,22.0
761,77,2,17.0,17.0
762,77,3,19.0,19.0
763,77,4,25.0,16.0
764,77,5,13.0,11.0
765,77,6,8.0,14.0
766,77,7,23.0,16.0
767,77,8,15.0,10.0
768,77,9,14.0,19.0
769,77,10,19.0,13.0
770,78,1,12.0,19.0
771,78,2,18.0,20.0
772,78,3,14.0,11.0
773,78,4,15.0,20.0
774,78,5,16.0,23.0
775,78,6,18.0,20.0
776,78,7,13.0,13.0
777,78,8,16.0,17.0
778,78,9,18.0,12.0
779,78,10,19.0,19.0
780,79,1,10.0,13.0
781,79,2,13.0,21.0
782,79,3,11.0,21.0
783,79,4,18.0,15.0
784,79,5,18.0,16.0
785,79,6,13.0,20.0
786,79,7,25.0,21.0
787,79,8,19.0,9.0
788,79,9,16.0,15.0
789,79,10,13.0,17.0
790,80,1,8.0,16.0
791,80,2,14.0,19.0
792,80,3,16.0,19.0
793,80,4,27.0,25.0
794,80,5,14.0,12.0
795,80,6,16.0,12.0
796,80,7,14.0,13.0
797,80,8,18.0,13.0
798,80,9,19.0,16.0
799,80,10,19.0,18.0
800,81,1,12.0,24.0
801,81,2,18.0,13.0
802,81,3,22.0,19.0
803,81,4,18.0,22.0
804,81,5,19.0,11.0
805,81,6,18.0,12.0
806,81,7,12.0,21.0
807,81,8,19.0,12.0
808,81,9,15.0,14.0
809,81,10,16.0,18.0
810,82,1,13.0,16.0
811,82,2,20.0,19.0
812,82,3,20.0,18.0
813,82,4,17.0,20.0
814,82,5,15.0,12.0
815,82,6,11.0,14.0
816,82,7,20.0,15.0
817,82,8,19.0,27.0
818,82,9,11.0,14.0
819,82,10,16.0,14.0
820,83,1,20.0,18.0
821,83,2,19.0,17.0
822,83,3,15.0,16.0
823,83,4,12.0,19.0
824,83,5,15.0,16.0
825,83,6,28.0,12.0
826,83,7,17.0,23.0
827,83,8,16.0,16.0
828,83,9,22.0,17.0
829,83,10,20.0,12.0
830,84,1,13.0,14.0
831,84,2,19.0,19.0
832,84,3,14.0,16.0
833,84,4,10.0,22.0
834,84,5,12.0,11.0
835,84,6,15.0,13.0
836,84,7,14.0,19.0
837,84,8,21.0,12.0
838,84,9,13.0,18.0
839,84,10,16.0,18.0
840,85,1,17.0,18.0
841,85,2,17.0,20.0
842,85,3,17.0,20.0
843,85,4,14.0,21.0
844,85,5,16.0,13.0
845,85,6,18.0,13.0
846,85,7,17.0,21.0
847,85,8,15.0,12.0
848,85,9,23.0,15.0
849,85,10,16.0,17.0
850,86,1,12.0,14.0
851,86,2,14.0,21.0
852,86,3,14.0,17.0
853,86,4,13.0,20.0
854,86,5,15.0,19.0
855,86,6,23.0,11.0
856,86,7,25.0,15.0
857,86,8,12.0,15.0
858,86,9,12.0,19.0
859,86,10,15.0,24.0
860,87,1,16.0,17.0
861,87,2,15.0,16.0
862,87,3,16.0,12.0
863,87,4,19.0,8.0
864,87,5,14.0,23.0
865,87,6,17.0,20.0
866,87,7,16.0,21.0
867,87,8,19.0,14.0
868,87,9,17.0,17.0
869,87,10,20.0,20.0
870,88,1,18.0,12.0
871,88,2,28.0,15.0
872,88,3,18.0,13.0
873,88,4,23.0,15.0
874,88,5,21.0,19.0
875,88,6,13.0,15.0
876,88,7,20.0,20.0
877,88,8,12.0,15.0
878,88,9,12.0,22.0
879,88,10,18.0,12.0
880,89,1,20.0,18.0
881,89,2,19.0,13.0
882,89,3,22.0,19.0
883,89,4,20.0,21.0
884,89,5,16.0,14.0
885,89,6,14.0,18.0
886,89,7,14.0,14.0
887,89,8,20.0,16.0
888,89,9,22.0,15.0
889,89,10,18.0,26.0
890,90,1,10.0,11.0
891,90,2,15.0,10.0
892,90,3,19.0,16.0
893,90,4,14.0,18.0
894,90,5,16.0,16.0
895,90,6,10.0,24.0
896,90,7,20.0,12.0
897,90,8,23.0,23.0
898,90,9,18.0,20.0
899,90,10,27.0,18.0
900,91,1,17.0,16.0
901,91,2,14.0,15.0
902,91,3,20.0,12.0
903,91,4,14.0,19.0
904,91,5,14.0,13.0
905,91,6,14.0,19.0
906,91,7,13.0,22.0
907,91,8,12.0,19.0
908,91,9,15.0,19.0
909,91,10,18.0,19.0
910,92,1,16.0,15.0
911,92,2,19.0,11.0
912,92,3,21.0,13.0
913,92,4,19.0,14.0
914,92,5,14.0,10.0
915,92,6,20.0,21.0
916,92,7,21.0,18.0
917,92,8,20.0,21.0
918,92,9,19.0,17.0
919,92,10,12.0,18.0
920,93,1,24.0,13.0
921,93,2,19.0,14.0
922,93,3,17.0,24.0
923,93,4,18.0,19.0
924,93,5,16.0,12.0
925,93,6,17.0,12.0
926,93,7,13.0,25.0
927,93,8,18.0,14.0
928,93,9,14.0,11.0
929,93,10,14.0,15.0
930,94,1,11.0,21.0
931,94,2,18.0,12.0
932,94,3,12.0,21.0
933,94,4,21.0,20.0
934,94,5,12.0,14.0
935,94,6,19.0,20.0
936,94,7,13.0,12.0
937,94,8,16.0,12.0
938,94,9,20.0,19.0
939,94,10,16.0,24.0
940,95,1,14.0,15.0
941,95,2,17.0,13.0
942,95,3,16.0,12.0
943,95,4,12.0,17.0
944,95,5,18.0,24.0
945,95,6,14.0,20.0
946,95,7,10.0,14.0
947,95,8,17.0,9.0
948,95,9,17.0,14.0
949,95,10,17.0,18.0
950,96,1,23.0,19.0
951,96,2,10.0,16.0
952,96,3,12.0,12.0
953,96,4,19.0,19.0
954,96,5,28.0,17.0
955,96,6,16.0,21.0
956,96,7,19.0,14.0
957,96,8,18.0,17.0
958,96,9,14.0,19.0
959,96,10,19.0,11.0
960,97,1,16.0,15.0
961,97,2,20.0,15.0
962,97,3,10.0,17.0
963,97,4,15.0,23.0
964,97,5,13.0,24.0
965,97,6,20.0,13.0
966,97,7,13.0,17.0
967,97,8,21.0,13.0
968,97,9,20.0,16.0
969,97,10,14.0,14.0
970,98,1,16.0,19.0
971,98,2,18.0,15.0
972,98,3,18.0,26.0
973,98,4,19.0,14.0
974,98,5,20.0,14.0
975,98,6,23.0,16.0
976,98,7,19.0,16.0
977,98,8,20.0,14.0
978,98,9,10.0,17.0
979,98,10,12.0,24.0
980,99,1,15.0,17.0
981,99,2,17.0,17.0
982,99,3,11.0,9.0
983,99,4,17.0,20.0
984,99,5,23.0,19.0
985,99,6,18.0,22.0
986,99,7,24.0,12.0
987,99,8,18.0,19.0
988,99,9,19.0,15.0
989,99,10,23.0,23.0
990,100,1,18.0,19.0
991,100,2,15.0,14.0
992,100,3,21.0,15.0
993,100,4,14.0,14.0
994,100,5,21.0,13.0
995,100,6,19.0,13.0
996,100,7,23.0,17.0
997,100,8,13.0,14.0
998,100,9,20.0,18.0
999,100,10,16.0,12.0
1000,101,1,12.0,20.0
1001,101,2,14.0,17.0
1002,101,3,15.0,17.0
1003,101,4,11.0,24.0
1004,101,5,12.0,17.0
1005,101,6,18.0,22.0
1006,101,7,13.0,22.0
1007,101,8,13.0,11.0
1008,101,9,11.0,15.0
1009,101,10,15.0,14.0
1010,102,1,16.0,17.0
1011,102,2,14.0,17.0
1012,102,3,7.0,17.0
1013,102,4,24.0,9.0
1014,102,5,10.0,22.0
1015,102,6,17.0,14.0
1016,102,7,17.0,23.0
1017,102,8,13.0,15.0
1018,102,9,14.0,11.0
1019,102,10,14.0,17.0
1020,103,1,14.0,18.0
1021,103,2,12.0,17.0
1022,103,3,12.0,20.0
1023,103,4,15.0,12.0
1024,103,5,23.0,12.0
1025,103,6,14.0,20.0
1026,103,7,24.0,15.0
1027,103,8,16.0,14.0
1028,103,9,18.0,14.0
1029,103,10,13.0,17.0
1030,104,1,11.0,16.0
1031,104,2,15.0,22.0
1032,104,3,13.0,20.0
1033,104,4,16.0,12.0
1034,104,5,20.0,17.0
1035,104,6,19.0,16.0
1036,104,7,18.0,18.0
1037,104,8,17.0,19.0
1038,104,9,12.0,19.0
1039,104,10,19.0,14.0
1040,105,1,18.0,17.0
1041,105,2,20.0,12.0
1042,105,3,13.0,17.0
1043,105,4,14.0,20.0
1044,105,5,13.0,16.0
1045,105,6,13.0,19.0
1046,105,7,24.0,17.0
1047,105,8,28.0,17.0
1048,105,9,15.0,17.0
1049,105,10,24.0,12.0
1050,106,1,17.0,20.0
1051,106,2,18.0,14.0
1052,106,3,19.0,19.0
1053,106,4,14.0,29.0
1054,106,5,16.0,19.0
1055,106,6,17.0,13.0
1056,106,7,15.0,11.0
1057,106,8,14.0,10.0
1058,106,9,16.0,16.0
1059,106,10,25.0,14.0
1060,107,1,12.0,17.0
1061,107,2,15.0,25.0
1062,107,3,19.0,15.0
1063,107,4,20.0,20.0
1064,107,5,15.0,17.0
1065,107,6,14.0,19.0
1066,107,7,15.0,17.0
1067,107,8,20.0,12.0
1068,107,9,18.0,14.0
1069,107,10,16.0,9.0
1070,108,1,20.0,24.0
1071,108,2,22.0,15.0
1072,108,3,18.0,13.0
1073,108,4,11.0,21.0
1074,108,5,12.0,20.0
1075,108,6,22.0,22.0
1076,108,7,17.0,11.0
1077,108,8,14.0,19.0
1078,108,9,15.0,10.0
1079,108,10,21.0,18.0
1080,109,1,15.0,22.0
1081,109,2,23.0,20.0
1082,109,3,22.0,18.0
1083,109,4,13.0,17.0
1084,109,5,14.0,14.0
1085,109,6,11.0,18.0
1086,109,7,16.0,9.0
1087,109,8,24.0,21.0
1088,109,9,13.0,14.0
1089,109,10,13.0,20.0
1090,110,1,19.0,16.0
1091,110,2,17.0,21.0
1092,110,3,21.0,19.0
1093,110,4,17.0,12.0
1094,110,5,21.0,15.0
1095,110,6,16.0,19.0
1096,110,7,20.0,9.0
1097,110,8,6.0,11.0
1098,110,9,14.0,13.0
1099,110,10,13.0,21.0
1100,111,1,11.0,17.0
1101,111,2,14.0,19.0
1102,111,3,25.0,18.0
1103,111,4,20.0,23.0
1104,111,5,15.0,13.0
1105,111,6,17.0,23.0
1106,111,7,17.0,11.0
1107,111,8,15.0,23.0
1108,111,9,19.0,20.0
1109,111,10,15.0,13.0
1110,112,1,16.0,16.0
1111,112,2,19.0,20.0
1112,112,3,24.0,14.0
1113,112,4,19.0,13.0
1114,112,5,16.0,10.0
1115,112,6,16.0,20.0
1116,112,7,14.0,18.0
1117,112,8,27.0,15.0
1118,112,9,15.0,11.0
1119,112,10,20.0,20.0
1120,113,1,13.0,18.0
1121,113,2,15.0,17.0
1122,113,3,15.0,16.0
1123,113,4,19.0,14.0
1124,113,5,18.0,19.0
1125,113,6,18.0,23.0
1126,113,7,18.0,11.0
1127,113,8,16.0,15.0
1128,113,9,20.0,17.0
1129,113,10,19.0,17.0
1130,114,1,11.0,19.0
1131,114,2,18.0,15.0
1132,114,3,14.0,21.0
1133,114,4,18.0,10.0
1134,114,5,13.0,17.0
1135,114,6,14.0,18.0
1136,114,7,12.0,17.0
1137,114,8,16.0,12.0
1138,114,9,18.0,22.0
1139,114,10,17.0,15.0
1140,115,1,12.0,15.0
1141,115,2,17.0,13.0
1142,115,3,20.0,22.0
1143,115,4,16.0,19.0
1144,115,5,14.0,21.0
1145,115,6,22.0,17.0
1146,115,7,18.0,18.0
1147,115,8,11.0,16.0
1148,115,9,22.0,21.0
1149,115,10,18.0,15.0
1150,116,1,18.0,15.0
1151,116,2,13.0,16.0
1152,116,3,19.0,12.0
1153,116,4,16.0,21.0
1154,116,5,14.0,16.0
1155,116,6,23.0,16.0
1156,116,7,18.0,13.0
1157,116,8,22.0,18.0
1158,116,9,15.0,15.0
1159,116,10,18.0,22.0
1160,117,1,20.0,17.0
1161,117,2,10.0,18.0
1162,117,3,21.0,8.0
1163,117,4,16.0,13.0
1164,117,5,17.0,21.0
1165,117,6,15.0,22.0
1166,117,7,19.0,10.0
1167,117,8,14.0,19.0
1168,117,9,18.0,16.0
1169,117,10,19.0,19.0
1170,118,1,19.0,24.0
1171,118,2,14.0,17.0
1172,118,3,18.0,21.0
1173,118,4,11.0,11.0
1174,118,5,11.0,14.0
1175,118,6,23.0,13.0
1176,118,7,23.0,12.0
1177,118,8,15.0,10.0
1178,118,9,10.0,16.0
1179,118,10,14.0,17.0
1180,119,1,20.0,14.0
1181,119,2,13.0,16.0
1182,119,3,15.0,23.0
1183,119,4,14.0,27.0
1184,119,5,17.0,18.0
1185,119,6,21.0,15.0
1186,119,7,20.0,16.0
1187,119,8,22.0,16.0
1188,119,9,19.0,23.0
1189,119,10,18.0,20.0
1190,120,1,17.0,15.0
1191,120,2,13.0,10.0
1192,120,3,18.0,21.0
1193,120,4,18.0,15.0
1194,120,5,13.0,15.0
1195,120,6,19.0,13.0
1196,120,7,24.0,12.0
1197,120,8,13.0,14.0
1198,120,9,23.0,18.0
1199,120,10,11.0,16.0
1200,121,1,19.0,21.0
1201,121,2,15.0,23.0
1202,121,3,22.0,18.0
1203,121,4,17.0,14.0
1204,121,5,21.0,16.0
1205,121,6,21.0,21.0
1206,121,7,17.0,22.0
1207,121,8,19.0,17.0
1208,121,9,16.0,5.0
1209,121,10,20.0,13.0
1210,122,1,16.0,23.0
1211,122,2,13.0,12.0
1212,122,3,14.0,20.0
1213,122,4,22.0,11.0
1214,122,5,15.0,20.0
1215,122,6,20.0,17.0
1216,122,7,19.0,15.0
1217,122,8,15.0,21.0
1218,122,9,14.0,25.0
1219,122,10,16.0,13.0
1220,123,1,20.0,17.0
1221,123,2,9.0,11.0
1222,123,3,21.0,14.0
1223,123,4,16.0,14.0
1224,123,5,18.0,13.0
1225,123,6,16.0,22.0
1226,123,7,18.0,11.0
1227,123,8,11.0,20.0
1228,123,9,18.0,21.0
1229,123,10,16.0,11.0
1230,124,1,23.0,22.0
1231,124,2,14.0,17.0
1232,124,3,16.0,20.0
1233,124,4,16.0,16.0
1234,124,5,14.0,12.0
1235,124,6,12.0,19.0
1236,124,7,17.0,12.0
1237,124,8,17.0,24.0
1238,124,9,21.0,24.0
1239,124,10,20.0,14.0
1240,125,1,23.0,13.0
1241,125,2,14.0,9.0
1242,125,3,12.0,14.0
1243,125,4,12.0,18.0
1244,125,5,23.0,17.0
1245,125,6,15.0,13.0
1246,125,7,18.0,20.0
1247,125,8,21.0,23.0
1248,125,9,7.0,20.0
1249,125,10,5.0,19.0
1250,126,1,17.0,11.0
1251,126,2,6.0,21.0
1252,126,3,11.0,12.0
1253,126,4,20.0,15.0
1254,126,5,14.0,19.0
1255,126,6,15.0,17.0
1256,126,7,13.0,13.0
1257,126,8,15.0,21.0
1258,126,9,16.0,16.0
1259,126,10,21.0,12.0
1260,127,1,24.0,18.0
1261,127,2,22.0,17.0
1262,127,3,12.0,18.0
1263,127,4,13.0,11.0
1264,127,5,24.0,22.0
1265,127,6,13.0,21.0
1266,127,7,7.0,15.0
1267,127,8,15.0,14.0
1268,127,9,16.0,17.0
1269,127,10,21.0,13.0
1270,128,1,15.0,13.0
1271,128,2,15.0,26.0
1272,128,3,6.0,14.0
1273,128,4,14.0,20.0
1274,128,5,20.0,16.0
1275,128,6,11.0,19.0
1276,128,7,18.0,10.0
1277,128,8,23.0,16.0
1278,128,9,17.0,10.0
1279,128,10,15.0,25.0
1280,129,1,21.0,22.0
1281,129,2,18.0,29.0
1282,129,3,16.0,18.0
1283,129,4,11.0,16.0
1284,129,5,16.0,18.0
1285,129,6,21.0,12.0
1286,129,7,17.0,11.0
1287,129,8,14.0,13.0
1288,129,9,14.0,11.0
1289,129,10,27.0,13.0
1290,130,1,9.0,18.0
1291,130,2,21.0,15.0
1292,130,3,25.0,19.0
1293,130,4,20.0,15.0
1294,130,5,24.0,15.0
1295,130,6,14.0,17.0
1296,130,7,12.0,19.0
1297,130,8,14.0,15.0
1298,130,9,19.0,15.0
1299,130,10,13.0,20.0
1300,131,1,16.0,21.0
1301,131,2,21.0,18.0
1302,131,3,17.0,17.0
1303,131,4,10.0,18.0
1304,131,5,13.0,18.0
1305,131,6,14.0,15.0
1306,131,7,12.0,18.0
1307,131,8,19.0,14.0
1308,131,9,9.0,14.0
1309,131,10,20.0,10.0
1310,132,1,21.0,18.0
1311,132,2,19.0,25.0
1312,132,3,20.0,19.0
1313,132,4,18.0,18.0
1314,132,5,20.0,11.0
1315,132,6,16.0,12.0
1316,132,7,17.0,16.0
1317,132,8,19.0,18.0
1318,132,9,22.0,18.0
1319,132,10,12.0,15.0
1320,133,1,12.0,17.0
1321,133,2,15.0,18.0
1322,133,3,14.0,23.0
1323,133,4,21.0,9.0
1324,133,5,11.0,20.0
1325,133,6,15.0,18.0
1326,133,7,18.0,18.0
1327,133,8,22.0,19.0
1328,133,9,16.0,18.0
1329,133,10,12.0,11.0
1330,134,1,17.0,16.0
1331,134,2,16.0,15.0
1332,134,3,14.0,14.0
1333,134,4,24.0,20.0
1334,134,5,12.0,16.0
1335,134,6,8.0,20.0
1336,134,7,15.0,14.0
1337,134,8,25.0,17.0
1338,134,9,18.0,22.0
1339,134,10,17.0,20.0
1340,135,1,15.0,12.0
1341,135,2,17.0,8.0
1342,135,3,16.0,18.0
1343,135,4,12.0,15.0
1344,135,5,8.0,18.0
1345,135,6,18.0,15.0
1346,135,7,19.0,19.0
1347,135,8,19.0,16.0
1348,135,9,21.0,12.0
1349,135,10,14.0,14.0
1350,136,1,16.0,23.0
1351,136,2,17.0,16.0
1352,136,3,16.0,17.0
1353,136,4,15.0,20.0
1354,136,5,12.0,21.0
1355,136,6,16.0,15.0
1356,136,7,26.0,16.0
1357,136,8,18.0,14.0
1358,136,9,13.0,22.0
1359,136,10,24.0,16.0
1360,137,1,16.0,13.0
1361,137,2,15.0,22.0
1362,137,3,20.0,19.0
1363,137,4,19.0,18.0
1364,137,5,17.0,16.0
1365,137,6,11.0,23.0
1366,137,7,14.0,12.0
1367,137,8,20.0,18.0
1368,137,9,18.0,15.0
1369,137,10,25.0,10.0
1370,138,1,15.0,21.0
1371,138,2,20.0,18.0
1372,138,3,18.0,11.0
1373,138,4,22.0,21.0
1374,138,5,13.0,16.0
1375,138,6,22.0,12.0
1376,138,7,13.0,20.0
1377,138,8,25.0,10.0
1378,138,9,18.0,15.0
1379,138,10,18.0,17.0
1380,139,1,16.0,14.0
1381,139,2,20.0,19.0
1382,139,3,11.0,17.0
1383,139,4,20.0,16.0
1384,139,5,15.0,20.0
1385,139,6,16.0,27.0
1386,139,7,18.0,21.0
1387,139,8,14.0,13.0
1388,139,9,15.0,20.0
1389,139,10,18.0,13.0
1390,140,1,17.0,11.0
1391,140,2,22.0,17.0
1392,140,3,11.0,16.0
1393,140,4,13.0,19.0
1394,140,5,13.0,14.0
1395,140,6,17.0,15.0
1396,140,7,12.0,11.0
1397,140,8,26.0,20.0
1398,140,9,11.0,11.0
1399,140,10,16.0,12.0
1400,141,1,19.0,21.0
1401,141,2,11.0,22.0
1402,141,3,23.0,18.0
1403,141,4,15.0,15.0
1404,141,5,15.0,17.0
1405,141,6,12.0,19.0
1406,141,7,16.0,17.0
1407,141,8,15.0,22.0
1408,141,9,23.0,14.0
1409,141,10,20.0,11.0
1410,142,1,21.0,16.0
1411,142,2,9.0,16.0
1412,142,3,18.0,20.0
1413,142,4,15.0,23.0
1414,142,5,20.0,14.0
1415,142,6,17.0,11.0
1416,142,7,20.0,16.0
1417,142,8,14.0,12.0
1418,142,9,11.0,23.0
1419,142,10,22.0,10.0
1420,143,1,15.0,15.0
1421,143,2,18.0,24.0
1422,143,3,17.0,18.0
1423,143,4,23.0,17.0
1424,143,5,19.0,19.0
1425,143,6,17.0,20.0
1426,143,7,20.0,22.0
1427,143,8,18.0,12.0
1428,143,9,14.0,20.0
1429,143,10,18.0,17.0
1430,144,1,15.0,15.0
1431,144,2,14.0,18.0
1432,144,3,17.0,13.0
1433,144,4,25.0,17.0
1434,144,5,17.0,12.0
1435,144,6,18.0,27.0
1436,144,7,12.0,15.0
1437,144,8,17.0,17.0
1438,144,9,12.0,18.0
1439,144,10,13.0,14.0
1440,145,1,11.0,16.0
1441,145,2,10.0,11.0
1442,145,3,21.0,10.0
1443,145,4,15.0,17.0
1444,145,5,12.0,19.0
1445,145,6,14.0,14.0
1446,145,7,14.0,24.0
1447,145,8,12.0,13.0
1448,145,9,19.0,12.0
1449,145,10,12.0,20.0
1450,146,1,18.0,21.0
1451,146,2,19.0,16.0
1452,146,3,8.0,17.0
1453,146,4,14.0,13.0
1454,146,5,15.0,12.0
1455,146,6,13.0,13.0
1456,146,7,18.0,19.0
1457,146,8,18.0,19.0
1458,146,9,16.0,13.0
1459,146,10,18.0,23.0
1460,147,1,15.0,16.0
1461,147,2,7.0,23.0
1462,147,3,20.0,15.0
1463,147,4,24.0,10.0
1464,147,5,22.0,20.0
1465,147,6,11.0,17.0
1466,147,7,17.0,22.0
1467,147,8,17.0,23.0
1468,147,9,9.0,14.0
1469,147,10,20.0,14.0
1470,148,1,13.0,19.0
1471,148,2,18.0,15.0
1472,148,3,23.0,14.0
1473,148,4,13.0,14.0
1474,148,5,17.0,19.0
1475,148,6,8.0,17.0
1476,148,7,18.0,17.0
1477,148,8,16.0,14.0
1478,148,9,13.0,19.0
1479,148,10,21.0,16.0
1480,149,1,20.0,13.0
1481,149,2,13.0,22.0
1482,149,3,14.0,19.0
1483,149,4,28.0,17.0
1484,149,5,11.0,8.0
1485,149,6,12.0,18.0
1486,149,7,20.0,12.0
1487,149,8,15.0,22.0
1488,149,9,18.0,22.0
1489,149,10,12.0,16.0
1490,150,1,24.0,13.0
1491,150,2,22.0,18.0
1492,150,3,17.0,13.0
1493,150,4,13.0,20.0
1494,150,5,18.0,17.0
1495,150,6,14.0,15.0
1496,150,7,23.0,16.0
1497,150,8,15.0,23.0
1498,150,9,8.0,21.0
1499,150,10,20.0,12.0
1500,151,1,16.0,17.0
1501,151,2,16.0,16.0
1502,151,3,22.0,20.0
1503,151,4,21.0,13.0
1504,151,5,27.0,23.0
1505,151,6,19.0,12.0
1506,151,7,20.0,18.0
1507,151,8,12.0,17.0
1508,151,9,16.0,12.0
1509,151,10,15.0,20.0
1510,152,1,17.0,16.0
1511,152,2,16.0,13.0
1512,152,3,21.0,17.0
1513,152,4,17.0,17.0
1514,152,5,30.0,23.0
1515,152,6,14.0,17.0
1516,152,7,20.0,15.0
1517,152,8,14.0,12.0
1518,152,9,15.0,21.0
1519,152,10,19.0,13.0
1520,153,1,15.0,19.0
1521,153,2,18.0,14.0
1522,153,3,18.0,17.0
1523,153,4,16.0,14.0
1524,153,5,10.0,19.0
1525,153,6,19.0,15.0
1526,153,7,13.0,22.0
1527,153,8,20.0,8.0
1528,153,9,16.0,12.0
1529,153,10,19.0,19.0
1530,154,1,17.0,19.0
1531,154,2,19.0,15.0
1532,154,3,23.0,19.0
1533,154,4,17.0,12.0
1534,154,5,23.0,21.0
1535,154,6,12.0,15.0
1536,154,7,19.0,17.0
1537,154,8,22.0,22.0
1538,154,9,18.0,11.0
1539,154,10,21.0,18.0
1540,155,1,22.0,19.0
1541,155,2,19.0,17.0
1542,155,3,23.0,15.0
1543,155,4,22.0,19.0
1544,155,5,20.0,12.0
1545,155,6,13.0,19.0
1546,155,7,18.0,14.0
1547,155,8,10.0,17.0
1548,155,9,11.0,15.0
1549,155,10,19.0,19.0
1550,156,1,14.0,21.0
1551,156,2,11.0,11.0
1552,156,3,13.0,22.0
1553,156,4,17.0,19.0
1554,156,5,13.0,16.0
1555,156,6,12.0,13.0
1556,156,7,10.0,18.0
1557,156,8,10.0,11.0
1558,156,9,12.0,18.0
1559,156,10,19.0,16.0
1560,157,1,21.0,19.0
1561,157,2,23.0,19.0
1562,157,3,16.0,16.0
1563,157,4,15.0,19.0
1564,157,5,14.0,14.0
1565,157,6,18.0,17.0
1566,157,7,21.0,13.0
1567,157,8,17.0,14.0
1568,157,9,15.0,20.0
1569,157,10,9.0,22.0
1570,158,1,17.0,19.0
1571,158,2,15.0,12.0
1572,158,3,17.0,17.0
1573,158,4,12.0,14.0
1574,158,5,14.0,21.0
1575,158,6,15.0,16.0
1576,158,7,11.0,16.0
1577,158,8,21.0,17.0
1578,158,9,15.0,17.0
1579,158,10,18.0,16.0
1580,159,1,22.0,19.0
1581,159,2,14.0,18.0
1582,159,3,17.0,18.0
1583,159,4,18.0,14.0
1584,159,5,16.0,19.0
1585,159,6,7.0,17.0
1586,159,7,17.0,18.0
1587,159,8,10.0,11.0
1588,159,9,22.0,20.0
1589,159,10,17.0,9.0
1590,160,1,14.0,16.0
1591,160,2,19.0,22.0
1592,160,3,13.0,19.0
1593,160,4,14.0,21.0
1594,160,5,23.0,14.0
1595,160,6,18.0,21.0
1596,160,7,9.0,13.0
1597,160,8,11.0,19.0
1598,160,9,19.0,11.0
1599,160,10,10.0,21.0
1600,161,1,13.0,12.0
1601,161,2,15.0,16.0
1602,161,3,15.0,15.0
1603,161,4,15.0,18.0
1604,161,5,15.0,19.0
1605,161,6,12.0,18.0
1606,161,7,22.0,12.0
1607,161,8,11.0,16.0
1608,161,9,18.0,15.0
1609,161,10,18.0,12.0
1610,162,1,16.0,18.0
1611,162,2,14.0,13.0
1612,162,3,19.0,17.0
1613,162,4,16.0,21.0
1614,162,5,19.0,11.0
1615,162,6,19.0,12.0
1616,162,7,10.0,23.0
1617,162,8,15.0,19.0
1618,162,9,17.0,19.0
1619,162,10,23.0,15.0
1620,163,1,21.0,15.0
1621,163,2,14.0,19.0
1622,163,3,21.0,26.0
1623,163,4,17.0,17.0
1624,163,5,18.0,17.0
1625,163,6,25.0,12.0
1626,163,7,19.0,17.0
1627,163,8,18.0,14.0
1628,163,9,12.0,12.0
1629,163,10,19.0,17.0
1630,164,1,23.0,21.0
1631,164,2,20.0,20.0
1632,164,3,20.0,14.0
1633,164,4,13.0,11.0
1634,164,5,14.0,10.0
1635,164,6,15.0,16.0
1636,164,7,20.0,22.0
1637,164,8,23.0,25.0
1638,164,9,17.0,17.0
1639,164,10,13.0,21.0
1640,165,1,19.0,17.0
1641,165,2,21.0,14.0
1642,165,3,22.0,14.0
1643,165,4,19.0,20.0
1644,165,5,14.0,14.0
1645,165,6,16.0,20.0
1646,165,7,16.0,16.0
1647,165,8,13.0,23.0
1648,165,9,19.0,14.0
1649,165,10,18.0,16.0
1650,166,1,21.0,26.0
1651,166,2,21.0,10.0
1652,166,3,13.0,17.0
1653,166,4,8.0,12.0
1654,166,5,9.0,15.0
1655,166,6,19.0,14.0
1656,166,7,15.0,17.0
1657,166,8,18.0,17.0
1658,166,9,18.0,22.0
1659,166,10,17.0,18.0
1660,167,1,17.0,16.0
1661,167,2,16.0,18.0
1662,167,3,15.0,17.0
1663,167,4,17.0,12.0
1664,167,5,23.0,20.0
1665,167,6,17.0,13.0
1666,167,7,22.0,13.0
1667,167,8,23.0,18.0
1668,167,9,10.0,13.0
1669,167,10,23.0,14.0
1670,168,1,15.0,19.0
1671,168,2,16.0,12.0
1672,168,3,14.0,20.0
1673,168,4,14.0,17.0
1674,168,5,20.0,14.0
1675,168,6,18.0,20.0
1676,168,7,17.0,26.0
1677,168,8,24.0,6.0
1678,168,9,14.0,21.0
1679,168,10,13.0,18.0
1680,169,1,20.0,13.0
1681,169,2,15.0,15.0
1682,169,3,17.0,12.0
1683,169,4,17.0,16.0
1684,169,5,23.0,16.0
1685,169,6,19.0,19.0
1686,169,7,20.0,25.0
1687,169,8,18.0,18.0
1688,169,9,13.0,16.0
1689,169,10,14.0,14.0
1690,170,1,15.0,22.0
1691,170,2,13.0,13.0
1692,170,3,18.0,23.0
1693,170,4,12.0,15.0
1694,170,5,18.0,16.0
1695,170,6,23.0,11.0
1696,170,7,6.0,11.0
1697,170,8,18.0,19.0
1698,170,9,13.0,19.0
1699,170,10,17.0,16.0
1700,171,1,18.0,18.0
1701,171,2,16.0,23.0
1702,171,3,16.0,20.0
1703,171,4,14.0,17.0
1704,171,5,18.0,15.0
1705,171,6,22.0,14.0
1706,171,7,16.0,16.0
1707,171,8,21.0,19.0
1708,171,9,12.0,20.0
1709,171,10,22.0,15.0
1710,172,1,19.0,19.0
1711,172,2,19.0,14.0
1712,172,3,14.0,15.0
1713,172,4,19.0,17.0
1714,172,5,21.0,12.0
1715,172,6,11.0,15.0
1716,172,7,17.0,16.0
1717,172,8,18.0,17.0
1718,172,9,15.0,23.0
1719,172,10,21.0,9.0
1720,173,1,15.0,16.0
1721,173,2,13.0,20.0
1722,173,3,21.0,17.0
1723,173,4,19.0,12.0
1724,173,5,15.0,20.0
1725,173,6,16.0,21.0
1726,173,7,10.0,16.0
1727,173,8,16.0,9.0
1728,173,9,25.0,13.0
1729,173,10,13.0,18.0
1730,174,1,9.0,22.0
1731,174,2,16.0,15.0
1732,174,3,14.0,16.0
1733,174,4,18.0,14.0
1734,174,5,12.0,15.0
1735,174,6,12.0,19.0
1736,174,7,21.0,15.0
1737,174,8,19.0,16.0
1738,174,9,12.0,20.0
1739,174,10,13.0,16.0
1740,175,1,10.0,19.0
1741,175,2,21.0,18.0
1742,175,3,21.0,17.0
1743,175,4,17.0,23.0
1744,175,5,19.0,21.0
1745,175,6,13.0,11.0
1746,175,7,13.0,13.0
1747,175,8,23.0,16.0
1748,175,9,14.0,25.0
1749,175,10,11.0,17.0
1750,176,1,15.0,16.0
1751,176,2,22.0,15.0
1752,176,3,16.0,16.0
1753,176,4,18.0,16.0
1754,176,5,16.0,14.0
1755,176,6,22.0,12.0
1756,176,7,16.0,15.0
1757,176,8,23.0,10.0
1758,176,9,18.0,17.0
1759,176,10,17.0,22.0
1760,177,1,16.0,14.0
1761,177,2,18.0,22.0
1762,177,3,15.0,23.0
1763,177,4,16.0,17.0
1764,177,5,17.0,15.0
1765,177,6,13.0,26.0
1766,177,7,19.0,16.0
1767,177,8,13.0,11.0
1768,177,9,17.0,18.0
1769,177,10,27.0,20.0
1770,178,1,22.0,10.0
1771,178,2,18.0,10.0
1772,178,3,17.0,19.0
1773,178,4,20.0,13.0
1774,178,5,20.0,18.0
1775,178,6,19.0,18.0
1776,178,7,20.0,16.0
1777,178,8,15.0,22.0
1778,178,9,20.0,15.0
1779,178,10,11.0,22.0
1780,179,1,21.0,20.0
1781,179,2,19.0,18.0
1782,179,3,12.0,16.0
1783,179,4,14.0,19.0
1784,179,5,13.0,14.0
1785,179,6,16.0,14.0
1786,179,7,24.0,15.0
1787,179,8,25.0,15.0
1788,179,9,22.0,13.0
1789,179,10,13.0,18.0
1790,180,1,18.0,22.0
1791,180,2,17.0,17.0
1792,180,3,16.0,20.0
1793,180,4,17.0,11.0
1794,180,5,14.0,12.0
1795,180,6,9.0,18.0
1796,180,7,13.0,18.0
1797,180,8,15.0,14.0
1798,180,9,14.0,22.0
1799,180,10,18.0,12.0
1800,181,1,15.0,11.0
1801,181,2,9.0,20.0
1802,181,3,12.0,15.0
1803,181,4,13.0,23.0
1804,181,5,15.0,24.0
1805,181,6,14.0,10.0
1806,181,7,14.0,14.0
1807,181,8,25.0,16.0
1808,181,9,19.0,15.0
1809,181,10,17.0,16.0
1810,182,1,21.0,19.0
1811,182,2,16.0,19.0
1812,182,3,12.0,13.0
1813,182,4,24.0,23.0
1814,182,5,18.0,17.0
1815,182,6,14.0,14.0
1816,182,7,16.0,17.0
1817,182,8,10.0,20.0
1818,182,9,20.0,13.0
1819,182,10,16.0,14.0
1820,183,1,18.0,19.0
1821,183,2,19.0,17.0
1822,183,3,13.0,11.0
1823,183,4,19.0,19.0
1824,183,5,16.0,20.0
1825,183,6,12.0,17.0
1826,183,7,11.0,18.0
1827,183,8,17.0,17.0
1828,183,9,18.0,15.0
1829,183,10,16.0,14.0
1830,184,1,10.0,15.0
1831,184,2,15.0,17.0
1832,184,3,12.0,25.0
1833,184,4,16.0,16.0
1834,184,5,17.0,16.0
1835,184,6,21.0,20.0
1836,184,7,20.0,13.0
1837,184,8,16.0,15.0
1838,184,9,16.0,7.0
1839,184,10,20.0,15.0
1840,185,1,15.0,20.0
1841,185,2,10.0,19.0
1842,185,3,20.0,16.0
1843,185,4,24.0,14.0
1844,185,5,15.0,11.0
1845,185,6,9.0,19.0
1846,185,7,24.0,21.0
1847,185,8,15.0,28.0
1848,185,9,18.0,16.0
1849,185,10,11.0,15.0
1850,186,1,19.0,8.0
1851,186,2,17.0,15.0
1852,186,3,25.0,24.0
1853,186,4,9.0,15.0
1854,186,5,23.0,17.0
1855,186,6,16.0,24.0
1856,186,7,14.0,8.0
1857,186,8,12.0,22.0
1858,186,9,15.0,24.0
1859,186,10,19.0,16.0
1860,187,1,17.0,16.0
1861,187,2,14.0,15.0
1862,187,3,20.0,13.0
1863,187,4,16.0,15.0
1864,187,5,14.0,10.0
1865,187,6,18.0,20.0
1866,187,7,19.0,18.0
1867,187,8,20.0,17.0
1868,187,9,13.0,19.0
1869,187,10,20.0,21.0
1870,188,1,20.0,16.0
1871,188,2,20.0,15.0
1872,188,3,21.0,10.0
1873,188,4,15.0,18.0
1874,188,5,16.0,13.0
1875,188,6,17.0,23.0
1876,188,7,15.0,13.0
1877,188,8,14.0,13.0
1878,188,9,19.0,21.0
1879,188,10,19.0,13.0
1880,189,1,17.0,24.0
1881,189,2,8.0,13.0
1882,189,3,19.0,23.0
1883,189,4,15.0,21.0
1884,189,5,22.0,14.0
1885,189,6,23.0,4.0
1886,189,7,13.0,19.0
1887,189,8,14.0,14.0
1888,189,9,15.0,16.0
1889,189,10,16.0,19.0
1890,190,1,15.0,20.0
1891,190,2,11.0,18.0
1892,190,3,18.0,12.0
1893,190,4,17.0,16.0
1894,190,5,18.0,14.0
1895,190,6,15.0,21.0
1896,190,7,16.0,16.0
1897,190,8,24.0,10.0
1898,190,9,16.0,19.0
1899,190,10,13.0,23.0
1900,191,1,14.0,13.0
1901,191,2,21.0,15.0
1902,191,3,19.0,12.0
1903,191,4,28.0,26.0
1904,191,5,15.0,21.0
1905,191,6,14.0,13.0
1906,191,7,8.0,21.0
1907,191,8,16.0,17.0
1908,191,9,20.0,17.0
1909,191,10,15.0,23.0
1910,192,1,26.0,14.0
1911,192,2,13.0,13.0
1912,192,3,16.0,12.0
1913,192,4,14.0,11.0
1914,192,5,13.0,21.0
1915,192,6,14.0,15.0
1916,192,7,12.0,10.0
1917,192,8,18.0,25.0
1918,192,9,21.0,17.0
1919,192,10,18.0,20.0
1920,193,1,10.0,10.0
1921,193,2,21.0,24.0
1922,193,3,9.0,20.0
1923,193,4,24.0,10.0
1924,193,5,17.0,18.0
1925,193,6,19.0,13.0
1926,193,7,21.0,19.0
1927,193,8,16.0,15.0
1928,193,9,15.0,13.0
1929,193,10,11.0,24.0
1930,194,1,20.0,15.0
1931,194,2,18.0,22.0
1932,194,3,21.0,14.0
1933,194,4,18.0,21.0
1934,194,5,18.0,12.0
1935,194,6,32.0,22.0
1936,194,7,8.0,14.0
1937,194,8,13.0,14.0
1938,194,9,20.0,14.0
1939,194,10,11.0,18.0
1940,195,1,15.0,18.0
1941,195,2,20.0,19.0
1942,195,3,16.0,24.0
1943,195,4,17.0,10.0
1944,195,5,18.0,10.0
1945,195,6,12.0,17.0
1946,195,7,24.0,21.0
1947,195,8,21.0,16.0
1948,195,9,23.0,15.0
1949,195,10,16.0,12.0
1950,196,1,12.0,15.0
1951,196,2,14.0,16.0
1952,196,3,17.0,22.0
1953,196,4,18.0,18.0
1954,196,5,19.0,12.0
1955,196,6,15.0,20.0
1956,196,7,19.0,28.0
1957,196,8,21.0,15.0
1958,196,9,14.0,15.0
1959,196,10,16.0,15.0
1960,197,1,20.0,15.0
1961,197,2,19.0,11.0
1962,197,3,13.0,12.0
1963,197,4,14.0,20.0
1964,197,5,20.0,17.0
1965,197,6,18.0,14.0
1966,197,7,14.0,14.0
1967,197,8,19.0,14.0
1968,197,9,18.0,17.0
1969,197,10,21.0,14.0
1970,198,1,11.0,15.0
1971,198,2,22.0,16.0
1972,198,3,15.0,21.0
1973,198,4,17.0,21.0
1974,198,5,14.0,23.0
1975,198,6,19.0,16.0
1976,198,7,19.0,19.0
1977,198,8,14.0,17.0
1978,198,9,17.0,18.0
1979,198,10,14.0,23.0
1980,199,1,20.0,19.0
1981,199,2,10.0,12.0
1982,199,3,12.0,13.0
1983,199,4,18.0,19.0
1984,199,5,18.0,17.0
1985,199,6,12.0,18.0
1986,199,7,21.0,13.0
1987,199,8,19.0,17.0
1988,199,9,16.0,15.0
1989,199,10,12.0,21.0
1990,200,1,18.0,14.0
1991,200,2,13.0,8.0
1992,200,3,20.0,13.0
1993,200,4,18.0,21.0
1994,200,5,9.0,21.0
1995,200,6,15.0,19.0
1996,200,7,16.0,13.0
1997,200,8,9.0,13.0
1998,200,9,21.0,17.0
1999,200,10,14.0,16.0
2000,201,1,8.0,22.0
2001,201,2,21.0,19.0
2002,201,3,12.0,23.0
2003,201,4,12.0,14.0
2004,201,5,14.0,14.0
2005,201,6,10.0,22.0
2006,201,7,15.0,19.0
2007,201,8,25.0,15.0
2008,201,9,20.0,16.0
2009,201,10,16.0,16.0
2010,202,1,14.0,14.0
2011,202,2,14.0,14.0
2012,202,3,21.0,13.0
2013,202,4,15.0,20.0
2014,202,5,17.0,21.0
2015,202,6,24.0,18.0
2016,202,7,22.0,13.0
2017,202,8,21.0,13.0
2018,202,9,16.0,16.0
2019,202,10,22.0,18.0
2020,203,1,16.0,16.0
2021,203,2,19.0,20.0
2022,203,3,20.0,14.0
2023,203,4,12.0,13.0
2024,203,5,24.0,17.0
2025,203,6,21.0,20.0
2026,203,7,18.0,12.0
2027,203,8,13.0,11.0
2028,203,9,17.0,17.0
2029,203,10,9.0,28.0
2030,204,1,15.0,23.0
2031,204,2,26.0,16.0
2032,204,3,15.0,15.0
2033,204,4,21.0,19.0
2034,204,5,20.0,13.0
2035,204,6,13.0,11.0
2036,204,7,17.0,17.0
2037,204,8,19.0,18.0
2038,204,9,13.0,16.0
2039,204,10,19.0,11.0
2040,205,1,20.0,23.0
2041,205,2,17.0,16.0
2042,205,3,21.0,15.0
2043,205,4,16.0,13.0
2044,205,5,20.0,24.0
2045,205,6,11.0,19.0
2046,205,7,14.0,17.0
2047,205,8,18.0,17.0
2048,205,9,23.0,17.0
2049,205,10,12.0,13.0
2050,206,1,23.0,13.0
2051,206,2,21.0,9.0
2052,206,3,15.0,21.0
2053,206,4,19.0,18.0
2054,206,5,24.0,18.0
2055,206,6,21.0,23.0
2056,206,7,18.0,15.0
2057,206,8,18.0,24.0
2058,206,9,14.0,16.0
2059,206,10,18.0,13.0
2060,207,1,16.0,16.0
2061,207,2,21.0,13.0
2062,207,3,16.0,15.0
2063,207,4,23.0,12.0
2064,207,5,12.0,18.0
2065,207,6,17.0,13.0
2066,207,7,14.0,16.0
2067,207,8,20.0,11.0
2068,207,9,20.0,27.0
2069,207,10,14.0,17.0
2070,208,1,11.0,9.0
2071,208,2,17.0,23.0
2072,208,3,11.0,16.0
2073,208,4,11.0,16.0
2074,208,5,13.0,20.0
2075,208,6,10.0,18.0
2076,208,7,19.0,22.0
2077,208,8,24.0,14.0
2078,208,9,12.0,19.0
2079,208,10,20.0,24.0
2080,209,1,21.0,11.0
2081,209,2,20.0,16.0
2082,209,3,15.0,13.0
2083,209,4,18.0,22.0
2084,209,5,16.0,21.0
2085,209,6,22.0,17.0
2086,209,7,14.0,14.0
2087,209,8,14.0,10.0
2088,209,9,12.0,14.0
2089,209,10,14.0,22.0
2090,210,1,20.0,13.0
2091,210,2,26.0,10.0
2092,210,3,18.0,20.0
2093,210,4,20.0,19.0
2094,210,5,16.0,18.0
2095,210,6,11.0,13.0
2096,210,7,13.0,9.0
2097,210,8,14.0,22.0
2098,210,9,23.0,18.0
2099,210,10,16.0,20.0
2100,211,1,18.0,11.0
2101,211,2,18.0,16.0
2102,211,3,9.0,16.0
2103,211,4,17.0,20.0
2104,211,5,12.0,16.0
2105,211,6,17.0,23.0
2106,211,7,12.0,12.0
2107,211,8,11.0,20.0
2108,211,9,10.0,12.0
2109,211,10,17.0,20.0
2110,212,1,21.0,22.0
2111,212,2,14.0,14.0
2112,212,3,14.0,19.0
2113,212,4,21.0,15.0
2114,212,5,24.0,18.0
2115,212,6,11.0,22.0
2116,212,7,18.0,9.0
2117,212,8,16.0,13.0
2118,212,9,20.0,20.0
2119,212,10,25.0,19.0
2120,213,1,19.0,16.0
2121,213,2,12.0,17.0
2122,213,3,14.0,14.0
2123,213,4,9.0,14.0
2124,213,5,15.0,15.0
2125,213,6,15.0,14.0
2126,213,7,16.0,13.0
2127,213,8,16.0,16.0
2128,213,9,12.0,20.0
2129,213,10,22.0,16.0
2130,214,1,17.0,20.0
2131,214,2,16.0,21.0
2132,214,3,19.0,19.0
2133,214,4,11.0,10.0
2134,214,5,16.0,14.0
2135,214,6,11.0,16.0
2136,214,7,14.0,19.0
2137,214,8,17.0,20.0
2138,214,9,17.0,21.0
2139,214,10,11.0,16.0
2140,215,1,17.0,14.0
2141,215,2,15.0,14.0
2142,215,3,16.0,16.0
2143,215,4,21.0,12.0
2144,215,5,7.0,14.0
2145,215,6,11.0,13.0
2146,215,7,20.0,28.0
2147,215,8,14.0,14.0
2148,215,9,16.0,15.0
2149,215,10,10.0,22.0
2150,216,1,14.0,18.0
2151,216,2,20.0,21.0
2152,216,3,12.0,20.0
2153,216,4,18.0,16.0
2154,216,5,19.0,16.0
2155,216,6,9.0,15.0
2156,216,7,11.0,10.0
2157,216,8,13.0,13.0
2158,216,9,19.0,14.0
2159,216,10,18.0,16.0
2160,217,1,15.0,21.0
2161,217,2,28.0,21.0
2162,217,3,15.0,19.0
2163,217,4,15.0,14.0
2164,217,5,21.0,24.0
2165,217,6,14.0,14.0
2166,217,7,18.0,15.0
2167,217,8,16.0,15.0
2168,217,9,16.0,19.0
2169,217,10,17.0,18.0
2170,218,1,18.0,18.0
2171,218,2,16.0,12.0
2172,218,3,20.0,15.0
2173,218,4,13.0,12.0
2174,218,5,14.0,10.0
2175,218,6,18.0,18.0
2176,218,7,16.0,21.0
2177,218,8,15.0,23.0
2178,218,9,13.0,14.0
2179,218,10,15.0,12.0
2180,219,1,15.0,20.0
2181,219,2,17.0,16.0
2182,219,3,19.0,24.0
2183,219,4,16.0,20.0
2184,219,5,16.0,15.0
2185,219,6,15.0,15.0
2186,219,7,7.0,11.0
2187,219,8,11.0,15.0
2188,219,9,17.0,17.0
2189,219,10,19.0,16.0
2190,220,1,24.0,21.0
2191,220,2,11.0,23.0
2192,220,3,22.0,14.0
2193,220,4,19.0,17.0
2194,220,5,20.0,13.0
2195,220,6,18.0,20.0
2196,220,7,12.0,19.0
2197,220,8,21.0,12.0
2198,220,9,11.0,20.0
2199,220,10,13.0,15.0
2200,221,1,18.0,12.0
2201,221,2,9.0,17.0
2202,221,3,20.0,16.0
2203,221,4,13.0,17.0
2204,221,5,17.0,14.0
2205,221,6,21.0,12.0
2206,221,7,20.0,20.0
2207,221,8,16.0,23.0
2208,221,9,15.0,18.0
2209,221,10,18.0,17.0
2210,222,1,19.0,13.0
2211,222,2,13.0,27.0
2212,222,3,15.0,21.0
2213,222,4,13.0,10.0
2214,222,5,25.0,16.0
2215,222,6,19.0,19.0
2216,222,7,23.0,20.0
2217,222,8,22.0,14.0
2218,222,9,17.0,12.0
2219,222,10,14.0,17.0
2220,223,1,19.0,15.0
2221,223,2,21.0,21.0
2222,223,3,18.0,14.0
2223,223,4,19.0,20.0
2224,223,5,22.0,16.0
2225,223,6,18.0,16.0
2226,223,7,15.0,14.0
2227,223,8,21.0,14.0
2228,223,9,17.0,11.0
2229,223,10,14.0,18.0
2230,224,1,18.0,25.0
2231,224,2,10.0,14.0
2232,224,3,28.0,18.0
2233,224,4,20.0,23.0
2234,224,5,10.0,12.0
2235,224,6,24.0,21.0
2236,224,7,8.0,16.0
2237,224,8,13.0,14.0
2238,224,9,16.0,10.0
2239,224,10,11.0,18.0
2240,225,1,19.0,13.0
2241,225,2,20.0,18.0
2242,225,3,10.0,24.0
2243,225,4,28.0,13.0
2244,225,5,18.0,20.0
2245,225,6,19.0,13.0
2246,225,7,18.0,14.0
2247,225,8,16.0,22.0
2248,225,9,24.0,13.0
2249,225,10,12.0,17.0
2250,226,1,17.0,18.0
2251,226,2,17.0,19.0
2252,226,3,19.0,11.0
2253,226,4,12.0,15.0
2254,226,5,24.0,26.0
2255,226,6,20.0,14.0
2256,226,7,15.0,16.0
2257,226,8,12.0,18.0
2258,226,9,5.0,19.0
2259,226,10,14.0,10.0
2260,227,1,14.0,15.0
2261,227,2,20.0,19.0
2262,227,3,19.0,14.0
2263,227,4,14.0,17.0
2264,227,5,16.0,17.0
2265,227,6,24.0,19.0
2266,227,7,12.0,17.0
2267,227,8,12.0,14.0
2268,227,9,11.0,20.0
2269,227,10,11.0,16.0
2270,228,1,14.0,17.0
2271,228,2,25.0,13.0
2272,228,3,17.0,19.0
2273,228,4,15.0,18.0
2274,228,5,12.0,11.0
2275,228,6,22.0,15.0
2276,228,7,19.0,22.0
2277,228,8,14.0,17.0
2278,228,9,18.0,16.0
2279,228,10,14.0,15.0
2280,229,1,15.0,24.0
2281,229,2,15.0,19.0
2282,229,3,19.0,22.0
2283,229,4,21.0,14.0
2284,229,5,16.0,15.0
2285,229,6,22.0,20.0
2286,229,7,8.0,15.0
2287,229,8,24.0,8.0
2288,229,9,16.0,18.0
2289,229,10,10.0,19.0
2290,230,1,15.0,12.0
2291,230,2,13.0,17.0
2292,230,3,10.0,19.0
2293,230,4,13.0,14.0
2294,230,5,19.0,13.0
2295,230,6,14.0,18.0
2296,230,7,20.0,21.0
2297,230,8,20.0,19.0
2298,230,9,20.0,22.0
2299,230,10,24.0,11.0
2300,231,1,13.0,16.0
2301,231,2,9.0,21.0
2302,231,3,25.0,12.0
2303,231,4,9.0,13.0
2304,231,5,18.0,23.0
2305,231,6,18.0,18.0
2306,231,7,21.0,13.0
2307,231,8,15.0,14.0
2308,231,9,22.0,24.0
2309,231,10,15.0,23.0
2310,232,1,14.0,11.0
2311,232,2,16.0,18.0
2312,232,3,22.0,14.0
2313,232,4,18.0,11.0
2314,232,5,14.0,14.0
2315,232,6,19.0,15.0
2316,232,7,25.0,18.0
2317,232,8,15.0,21.0
2318,232,9,19.0,14.0
2319,232,10,20.0,17.0
2320,233,1,14.0,17.0
2321,233,2,11.0,18.0
2322,233,3,21.0,23.0
2323,233,4,25.0,18.0
2324,233,5,15.0,11.0
2325,233,6,18.0,14.0
2326,233,7,9.0,14.0
2327,233,8,18.0,17.0
2328,233,9,15.0,16.0
2329,233,10,14.0,16.0
2330,234,1,22.0,17.0
2331,234,2,17.0,17.0
2332,234,3,16.0,18.0
2333,234,4,23.0,18.0
2334,234,5,9.0,18.0
2335,234,6,16.0,19.0
2336,234,7,19.0,19.0
2337,234,8,13.0,12.0
2338,234,9,14.0,13.0
2339,234,10,15.0,16.0
2340,235,1,37.0,15.0
2341,235,2,10.0,25.0
2342,235,3,20.0,17.0
2343,235,4,17.0,13.0
2344,235,5,17.0,19.0
2345,235,6,16.0,15.0
2346,235,7,13.0,17.0
2347,235,8,11.0,20.0
2348,235,9,13.0,20.0
2349,235,10,14.0,6.0
2350,236,1,18.0,20.0
2351,236,2,18.0,19.0
2352,236,3,14.0,16.0
2353,236,4,14.0,19.0
2354,236,5,19.0,15.0
2355,236,6,20.0,20.0
2356,236,7,16.0,16.0
2357,236,8,22.0,8.0
2358,236,9,20.0,17.0
2359,236,10,11.0,16.0
2360,237,1,16.0,18.0
2361,237,2,17.0,15.0
2362,237,3,13.0,21.0
2363,237,4,14.0,19.0
2364,237,5,16.0,11.0
2365,237,6,16.0,19.0
2366,237,7,18.0,22.0
2367,237,8,12.0,16.0
2368,237,9,23.0,8.0
2369,237,10,21.0,14.0
2370,238,1,15.0,16.0
2371,238,2,8.0,22.0
2372,238,3,19.0,17.0
2373,238,4,12.0,16.0
2374,238,5,13.0,16.0
2375,238,6,14.0,14.0
2376,238,7,24.0,21.0
2377,238,8,19.0,23.0
2378,238,9,17.0,19.0
2379,238,10,18.0,14.0
2380,239,1,24.0,18.0
2381,239,2,26.0,20.0
2382,239,3,19.0,13.0
2383,239,4,19.0,11.0
2384,239,5,10.0,15.0
2385,239,6,20.0,17.0
2386,239,7,23.0,14.0
2387,239,8,17.0,17.0
2388,239,9,23.0,21.0
2389,239,10,20.0,25.0
2390,240,1,17.0,15.0
2391,240,2,13.0,12.0
2392,240,3,16.0,17.0
2393,240,4,14.0,18.0
2394,240,5,20.0,19.0
2395,240,6,24.0,15.0
2396,240,7,17.0,14.0
2397,240,8,15.0,15.0
2398,240,9,14.0,17.0
2399,240,10,17.0,19.0
2400,241,1,20.0,19.0
2401,241,2,21.0,17.0
2402,241,3,17.0,13.0
2403,241,4,17.0,18.0
2404,241,5,13.0,18.0
2405,241,6,18.0,17.0
2406,241,7,16.0,12.0
2407,241,8,14.0,20.0
2408,241,9,19.0,19.0
2409,241,10,16.0,14.0
2410,242,1,21.0,17.0
2411,242,2,17.0,17.0
2412,242,3,14.0,17.0
2413,242,4,15.0,18.0
2414,242,5,18.0,7.0
2415,242,6,14.0,10.0
2416,242,7,22.0,12.0
2417,242,8,15.0,28.0
2418,242,9,16.0,22.0
2419,242,10,21.0,13.0
2420,243,1,18.0,20.0
2421,243,2,18.0,16.0
2422,243,3,16.0,19.0
2423,243,4,10.0,16.0
2424,243,5,15.0,20.0
2425,243,6,17.0,15.0
2426,243,7,13.0,19.0
2427,243,8,18.0,14.0
2428,243,9,14.0,15.0
2429,243,10,18.0,11.0
2430,244,1,11.0,17.0
2431,244,2,12.0,18.0
2432,244,3,15.0,18.0
2433,244,4,18.0,16.0
2434,244,5,15.0,13.0
2435,244,6,18.0,19.0
2436,244,7,14.0,14.0
2437,244,8,26.0,20.0
2438,244,9,12.0,12.0
2439,244,10,10.0,20.0
2440,245,1,18.0,12.0
2441,245,2,19.0,20.0
2442,245,3,15.0,22.0
2443,245,4,14.0,17.0
2444,245,5,14.0,15.0
2445,245,6,14.0,18.0
2446,245,7,12.0,22.0
2447,245,8,13.0,17.0
2448,245,9,18.0,16.0
2449,245,10,19.0,12.0
2450,246,1,13.0,16.0
2451,246,2,15.0,13.0
2452,246,3,11.0,20.0
2453,246,4,11.0,21.0
2454,246,5,26.0,16.0
2455,246,6,22.0,18.0
2456,246,7,19.0,12.0
2457,246,8,15.0,20.0
2458,246,9,13.0,14.0
2459,246,10,19.0,16.0
2460,247,1,20.0,9.0
2461,247,2,17.0,25.0
2462,247,3,15.0,14.0
2463,247,4,17.0,18.0
2464,247,5,16.0,21.0
2465,247,6,23.0,15.0
2466,247,7,19.0,13.0
2467,247,8,16.0,13.0
2468,247,9,17.0,18.0
2469,247,10,15.0,23.0
2470,248,1,12.0,16.0
2471,248,2,17.0,20.0
2472,248,3,19.0,15.0
2473,248,4,12.0,15.0
2474,248,5,19.0,19.0
2475,248,6,14.0,21.0
2476,248,7,7.0,20.0
2477,248,8,12.0,12.0
2478,248,9,17.0,12.0
2479,248,10,15.0,12.0
2480,249,1,12.0,15.0
2481,249,2,15.0,15.0
2482,249,3,18.0,24.0
2483,249,4,24.0,13.0
2484,249,5,10.0,17.0
2485,249,6,21.0,12.0
2486,249,7,16.0,24.0
2487,249,8,13.0,18.0
2488,249,9,30.0,16.0
2489,249,10,7.0,16.0
2490,250,1,8.0,16.0
2491,250,2,23.0,17.0
2492,250,3,22.0,11.0
2493,250,4,21.0,15.0
2494,250,5,19.0,22.0
2495,250,6,14.0,12.0
2496,250,7,19.0,17.0
2497,250,8,17.0,26.0
2498,250,9,15.0,20.0
2499,250,10,16.0,16.0
2500,251,1,18.0,15.0
2501,251,2,20.0,9.0
2502,251,3,17.0,21.0
2503,251,4,11.0,15.0
2504,251,5,17.0,16.0
2505,251,6,19.0,17.0
2506,251,7,16.0,18.0
2507,251,8,14.0,20.0
2508,251,9,16.0,12.0
2509,251,10,19.0,15.0
2510,252,1,13.0,12.0
2511,252,2,14.0,22.0
2512,252,3,18.0,13.0
2513,252,4,17.0,16.0
2514,252,5,13.0,17.0
2515,252,6,16.0,15.0
2516,252,7,13.0,23.0
2517,252,8,11.0,13.0
2518,252,9,15.0,20.0
2519,252,10,14.0,15.0
2520,253,1,23.0,18.0
2521,253,2,25.0,17.0
2522,253,3,15.0,15.0
2523,253,4,15.0,14.0
2524,253,5,23.0,15.0
2525,253,6,24.0,11.0
2526,253,7,19.0,22.0
2527,253,8,13.0,10.0
2528,253,9,23.0,21.0
2529,253,10,18.0,12.0
2530,254,1,22.0,28.0
2531,254,2,20.0,22.0
2532,254,3,28.0,11.0
2533,254,4,25.0,16.0
2534,254,5,14.0,31.0
2535,254,6,14.0,14.0
2536,254,7,11.0,9.0
2537,254,8,16.0,13.0
2538,254,9,19.0,15.0
2539,254,10,15.0,17.0
2540,255,1,12.0,15.0
2541,255,2,17.0,14.0
2542,255,3,13.0,19.0
2543,255,4,18.0,18.0
2544,255,5,23.0,22.0
2545,255,6,17.0,17.0
2546,255,7,26.0,15.0
2547,255,8,13.0,16.0
2548,255,9,15.0,17.0
2549,255,10,12.0,20.0
2550,256,1,19.0,14.0
2551,256,2,17.0,17.0
2552,256,3,23.0,18.0
2553,256,4,17.0,12.0
2554,256,5,20.0,18.0
2555,256,6,10.0,15.0
2556,256,7,14.0,26.0
2557,256,8,14.0,15.0
2558,256,9,15.0,16.0
2559,256,10,13.0,13.0
2560,257,1,17.0,20.0
2561,257,2,6.0,16.0
2562,257,3,10.0,19.0
2563,257,4,13.0,17.0
2564,257,5,15.0,21.0
2565,257,6,11.0,17.0
2566,257,7,22.0,14.0
2567,257,8,19.0,21.0
2568,257,9,18.0,16.0
2569,257,10,19.0,18.0
2570,258,1,13.0,12.0
2571,258,2,15.0,17.0
2572,258,3,15.0,16.0
2573,258,4,10.0,13.0
2574,258,5,20.0,21.0
2575,258,6,13.0,7.0
2576,258,7,17.0,17.0
2577,258,8,16.0,12.0
2578,258,9,18.0,21.0
2579,258,10,20.0,16.0
2580,259,1,20.0,20.0
2581,259,2,18.0,15.0
2582,259,3,17.0,17.0
2583,259,4,22.0,19.0
2584,259,5,13.0,17.0
2585,259,6,14.0,20.0
2586,259,7,23.0,20.0
2587,259,8,20.0,18.0
2588,259,9,8.0,16.0
2589,259,10,18.0,12.0
2590,260,1,18.0,15.0
2591,260,2,19.0,15.0
2592,260,3,18.0,18.0
2593,260,4,21.0,23.0
2594,260,5,22.0,15.0
2595,260,6,9.0,13.0
2596,260,7,10.0,9.0
2597,260,8,20.0,26.0
2598,260,9,18.0,20.0
2599,260,10,20.0,19.0
2600,261,1,20.0,14.0
2601,261,2,16.0,13.0
2602,261,3,9.0,16.0
2603,261,4,21.0,20.0
2604,261,5,15.0,14.0
2605,261,6,23.0,18.0
2606,261,7,13.0,13.0
2607,261,8,18.0,17.0
2608,261,9,17.0,13.0
2609,261,10,17.0,21.0
2610,262,1,21.0,19.0
2611,262,2,23.0,23.0
2612,262,3,20.0,22.0
2613,262,4,19.0,11.0
2614,262,5,18.0,9.0
2615,262,6,12.0,13.0
2616,262,7,13.0,9.0
2617,262,8,20.0,18.0
2618,262,9,18.0,17.0
2619,262,10,15.0,20.0
2620,263,1,15.0,12.0
2621,263,2,18.0,14.0
2622,263,3,14.0,17.0
2623,263,4,22.0,17.0
2624,263,5,20.0,18.0
2625,263,6,15.0,18.0
2626,263,7,11.0,17.0
2627,263,8,25.0,18.0
2628,263,9,17.0,19.0
2629,263,10,22.0,17.0
2630,264,1,17.0,12.0
2631,264,2,16.0,22.0
2632,264,3,13.0,18.0
2633,264,4,11.0,19.0
2634,264,5,18.0,18.0
2635,264,6,11.0,14.0
2636,264,7,19.0,11.0
2637,264,8,12.0,16.0
2638,264,9,28.0,12.0
2639,264,10,10.0,11.0
2640,265,1,15.0,15.0
2641,265,2,13.0,20.0
2642,265,3,16.0,18.0
2643,265,4,17.0,24.0
2644,265,5,18.0,17.0
2645,265,6,18.0,21.0
2646,265,7,12.0,19.0
2647,265,8,15.0,12.0
2648,265,9,13.0,12.0
2649,265,10,15.0,16.0
2650,266,1,20.0,13.0
2651,266,2,15.0,22.0
2652,266,3,14.0,20.0
2653,266,4,19.0,17.0
2654,266,5,16.0,19.0
2655,266,6,21.0,14.0
2656,266,7,16.0,19.0
2657,266,8,21.0,18.0
2658,266,9,14.0,15.0
2659,266,10,17.0,20.0
2660,267,1,7.0,16.0
2661,267,2,12.0,14.0
2662,267,3,17.0,19.0
2663,267,4,15.0,19.0
2664,267,5,12.0,21.0
2665,267,6,19.0,15.0
2666,267,7,15.0,12.0
2667,267,8,13.0,14.0
2668,267,9,11.0,14.0
2669,267,10,17.0,16.0
2670,268,1,21.0,14.0
2671,268,2,17.0,19.0
2672,268,3,22.0,21.0
2673,268,4,17.0,19.0
2674,268,5,19.0,21.0
2675,268,6,21.0,16.0
2676,268,7,19.0,17.0
2677,268,8,23.0,17.0
2678,268,9,14.0,16.0
2679,268,10,14.0,20.0
2680,269,1,21.0,11.0
2681,269,2,18.0,15.0
2682,269,3,18.0,14.0
2683,269,4,19.0,9.0
2684,269,5,13.0,18.0
2685,269,6,17.0,23.0
2686,269,7,16.0,22.0
2687,269,8,15.0,13.0
2688,269,9,14.0,20.0
2689,269,10,21.0,19.0
2690,270,1,13.0,18.0
2691,270,2,16.0,19.0
2692,270,3,15.0,5.0
2693,270,4,15.0,17.0
2694,270,5,20.0,22.0
2695,270,6,13.0,18.0
2696,270,7,21.0,13.0
2697,270,8,24.0,18.0
2698,270,9,23.0,12.0
2699,270,10,18.0,16.0
2700,271,1,20.0,14.0
2701,271,2,13.0,12.0
2702,271,3,16.0,16.0
2703,271,4,11.0,20.0
2704,271,5,13.0,16.0
2705,271,6,12.0,18.0
2706,271,7,22.0,20.0
2707,271,8,20.0,16.0
2708,271,9,16.0,23.0
2709,271,10,12.0,16.0
2710,272,1,22.0,13.0
2711,272,2,13.0,15.0
2712,272,3,22.0,17.0
2713,272,4,18.0,23.0
2714,272,5,19.0,18.0
2715,272,6,18.0,14.0
2716,272,7,21.0,19.0
2717,272,8,13.0,18.0
2718,272,9,11.0,16.0
2719,272,10,16.0,15.0
2720,273,1,21.0,16.0
2721,273,2,18.0,13.0
2722,273,3,27.0,14.0
2723,273,4,19.0,17.0
2724,273,5,23.0,21.0
2725,273,6,15.0,16.0
2726,273,7,20.0,14.0
2727,273,8,16.0,21.0
2728,273,9,18.0,18.0
2729,273,10,14.0,17.0
2730,274,1,21.0,17.0
2731,274,2,17.0,21.0
2732,274,3,11.0,13.0
2733,274,4,16.0,26.0
2734,274,5,12.0,16.0
2735,274,6,12.0,12.0
2736,274,7,18.0,18.0
2737,274,8,20.0,15.0
2738,274,9,25.0,13.0
2739,274,10,15.0,12.0
2740,275,1,18.0,22.0
2741,275,2,10.0,18.0
2742,275,3,12.0,18.0
2743,275,4,12.0,12.0
2744,275,5,7.0,18.0
2745,275,6,9.0,23.0
2746,275,7,20.0,16.0
2747,275,8,14.0,18.0
2748,275,9,14.0,14.0
2749,275,10,20.0,17.0
2750,276,1,16.0,10.0
2751,276,2,15.0,12.0
2752,276,3,14.0,20.0
2753,276,4,12.0,18.0
2754,276,5,17.0,11.0
2755,276,6,17.0,17.0
2756,276,7,11.0,13.0
2757,276,8,16.0,17.0
2758,276,9,21.0,18.0
2759,276,10,10.0,18.0
2760,277,1,15.0,27.0
2761,277,2,21.0,16.0
2762,277,3,18.0,19.0
2763,277,4,16.0,19.0
2764,277,5,17.0,15.0
2765,277,6,20.0,11.0
2766,277,7,13.0,11.0
2767,277,8,22.0,15.0
2768,277,9,17.0,20.0
2769,277,10,12.0,24.0
2770,278,1,16.0,18.0
2771,278,2,21.0,17.0
2772,278,3,10.0,18.0
2773,278,4,29.0,9.0
2774,278,5,17.0,17.0
2775,278,6,17.0,19.0
2776,278,7,17.0,13.0
2777,278,8,24.0,18.0
2778,278,9,22.0,16.0
2779,278,10,22.0,11.0
2780,279,1,19.0,20.0
2781,279,2,20.0,18.0
2782,279,3,19.0,14.0
2783,279,4,14.0,23.0
2784,279,5,18.0,12.0
2785,279,6,21.0,19.0
2786,279,7,17.0,13.0
2787,279,8,19.0,20.0
2788,279,9,16.0,24.0
2789,279,10,19.0,22.0
2790,280,1,15.0,17.0
2791,280,2,20.0,13.0
2792,280,3,13.0,11.0
2793,280,4,17.0,18.0
2794,280,5,13.0,10.0
2795,280,6,20.0,22.0
2796,280,7,21.0,15.0
2797,280,8,18.0,16.0
2798,280,9,20.0,19.0
2799,280,10,19.0,24.0
2800,281,1,5.0,11.0
2801,281,2,21.0,17.0
2802,281,3,13.0,13.0
2803,281,4,15.0,14.0
2804,281,5,15.0,19.0
2805,281,6,13.0,12.0
2806,281,7,22.0,20.0
2807,281,8,14.0,16.0
2808,281,9,21.0,13.0
2809,281,10,18.0,20.0
2810,282,1,10.0,14.0
2811,282,2,12.0,13.0
2812,282,3,8.0,21.0
2813,282,4,18.0,22.0
2814,282,5,23.0,16.0
2815,282,6,11.0,21.0
2816,282,7,19.0,14.0
2817,282,8,17.0,22.0
2818,282,9,22.0,10.0
2819,282,10,15.0,18.0
2820,283,1,18.0,15.0
2821,283,2,23.0,20.0
2822,283,3,12.0,15.0
2823,283,4,12.0,17.0
2824,283,5,13.0,10.0
2825,283,6,17.0,19.0
2826,283,7,18.0,14.0
2827,283,8,15.0,23.0
2828,283,9,15.0,17.0
2829,283,10,17.0,11.0
2830,284,1,13.0,18.0
2831,284,2,11.0,15.0
2832,284,3,19.0,19.0
2833,284,4,18.0,22.0
2834,284,5,15.0,15.0
2835,284,6,14.0,13.0
2836,284,7,20.0,17.0
2837,284,8,16.0,19.0
2838,284,9,15.0,16.0
2839,284,10,21.0,11.0
2840,285,1,15.0,19.0
2841,285,2,21.0,20.0
2842,285,3,16.0,19.0
2843,285,4,16.0,13.0
2844,285,5,13.0,19.0
2845,285,6,21.0,15.0
2846,285,7,16.0,17.0
2847,285,8,17.0,16.0
2848,285,9,14.0,10.0
2849,285,10,9.0,20.0
2850,286,1,16.0,14.0
2851,286,2,16.0,17.0
2852,286,3,13.0,14.0
2853,286,4,16.0,15.0
2854,286,5,19.0,19.0
2855,286,6,10.0,16.0
2856,286,7,14.0,22.0
2857,286,8,16.0,23.0
2858,286,9,14.0,16.0
2859,286,10,21.0,25.0
2860,287,1,22.0,9.0
2861,287,2,19.0,12.0
2862,287,3,18.0,25.0
2863,287,4,21.0,16.0
2864,287,5,17.0,13.0
2865,287,6,16.0,16.0
2866,287,7,17.0,15.0
2867,287,8,21.0,18.0
2868,287,9,16.0,20.0
2869,287,10,19.0,15.0
2870,288,1,13.0,19.0
2871,288,2,23.0,18.0
2872,288,3,19.0,18.0
2873,288,4,15.0,13.0
2874,288,5,19.0,12.0
2875,288,6,21.0,16.0
2876,288,7,15.0,11.0
2877,288,8,19.0,20.0
2878,288,9,16.0,22.0
2879,288,10,28.0,14.0
2880,289,1,15.0,17.0
2881,289,2,14.0,17.0
2882,289,3,23.0,17.0
2883,289,4,18.0,20.0
2884,289,5,11.0,17.0
2885,289,6,14.0,12.0
2886,289,7,15.0,19.0
2887,289,8,15.0,15.0
2888,289,9,17.0,16.0
2889,289,10,18.0,14.0
2890,290,1,14.0,20.0
2891,290,2,17.0,19.0
2892,290,3,14.0,15.0
2893,290,4,18.0,15.0
2894,290,5,12.0,17.0
2895,290,6,24.0,16.0
2896,290,7,19.0,19.0
2897,290,8,23.0,16.0
2898,290,9,14.0,14.0
2899,290,10,16.0,20.0
2900,291,1,15.0,12.0
2901,291,2,17.0,17.0
2902,291,3,21.0,15.0
2903,291,4,19.0,15.0
2904,291,5,12.0,18.0
2905,291,6,11.0,16.0
2906,291,7,17.0,21.0
2907,291,8,19.0,13.0
2908,291,9,15.0,20.0
2909,291,10,21.0,10.0
2910,292,1,13.0,12.0
2911,292,2,15.0,18.0
2912,292,3,17.0,26.0
2913,292,4,16.0,15.0
2914,292,5,12.0,18.0
2915,292,6,17.0,20.0
2916,292,7,16.0,17.0
2917,292,8,22.0,15.0
2918,292,9,10.0,17.0
2919,292,10,9.0,23.0
2920,293,1,11.0,9.0
2921,293,2,23.0,21.0
2922,293,3,18.0,13.0
2923,293,4,21.0,20.0
2924,293,5,17.0,14.0
2925,293,6,25.0,18.0
2926,293,7,18.0,15.0
2927,293,8,21.0,14.0
2928,293,9,15.0,15.0
2929,293,10,14.0,19.0
2930,294,1,16.0,20.0
2931,294,2,22.0,19.0
2932,294,3,19.0,19.0
2933,294,4,14.0,24.0
2934,294,5,17.0,15.0
2935,294,6,18.0,13.0
2936,294,7,19.0,17.0
2937,294,8,14.0,12.0
2938,294,9,12.0,16.0
2939,294,10,11.0,16.0
2940,295,1,19.0,17.0
2941,295,2,14.0,14.0
2942,295,3,23.0,13.0
2943,295,4,19.0,20.0
2944,295,5,12.0,11.0
2945,295,6,16.0,15.0
2946,295,7,12.0,12.0
2947,295,8,10.0,16.0
2948,295,9,19.0,16.0
2949,295,10,15.0,20.0
2950,296,1,20.0,17.0
2951,296,2,15.0,23.0
2952,296,3,14.0,14.0
2953,296,4,15.0,26.0
2954,296,5,16.0,10.0
2955,296,6,21.0,15.0
2956,296,7,6.0,16.0
2957,296,8,21.0,16.0
2958,296,9,14.0,29.0
2959,296,10,21.0,14.0
2960,297,1,17.0,11.0
2961,297,2,14.0,13.0
2962,297,3,18.0,24.0
2963,297,4,14.0,16.0
2964,297,5,13.0,16.0
2965,297,6,22.0,18.0
2966,297,7,14.0,13.0
2967,297,8,21.0,24.0
2968,297,9,12.0,15.0
2969,297,10,22.0,17.0
2970,298,1,20.0,10.0
2971,298,2,16.0,20.0
2972,298,3,14.0,16.0
2973,298,4,19.0,15.0
2974,298,5,14.0,17.0
2975,298,6,13.0,19.0
2976,298,7,16.0,21.0
2977,298,8,13.0,14.0
2978,298,9,14.0,15.0
2979,298,10,20.0,22.0
2980,299,1,21.0,14.0
2981,299,2,21.0,14.0
2982,299,3,15.0,11.0
2983,299,4,13.0,17.0
2984,299,5,23.0,13.0
2985,299,6,13.0,23.0
2986,299,7,17.0,12.0
2987,299,8,16.0,21.0
2988,299,9,14.0,18.0
2989,299,10,12.0,12.0
2990,300,1,13.0,15.0
2991,300,2,7.0,20.0
2992,300,3,22.0,19.0
2993,300,4,17.0,14.0
2994,300,5,17.0,16.0
2995,300,6,18.0,15.0
2996,300,7,18.0,18.0
2997,300,8,17.0,19.0
2998,300,9,12.0,17.0
2999,300,10,11.0,15.0
3000,301,1,10.0,13.0
3001,301,2,18.0,14.0
3002,301,3,15.0,11.0
3003,301,4,13.0,12.0
3004,301,5,13.0,8.0
3005,301,6,14.0,8.0
3006,301,7,18.0,5.0
3007,301,8,19.0,3.0
3008,301,9,16.0,2.0
3009,301,10,11.0,
3010,302,1,19.0,
3011,302,2,19.0,
3012,302,3,17.0,
3013,302,4,14.0,
3014,302,5,18.0,
3015,302,6,13.0,
3016,302,7,14.0,
3017,302,8,13.0,
3018,302,9,10.0,
3019,302,10,13.0,
3020,303,1,18.0,
3021,303,2,12.0,
3022,303,3,10.0,
3023,303,4,15.0,
3024,303,5,12.0,
3025,303,6,16.0,
3026,303,7,20.0,
3027,303,8,13.0,
3028,303,9,14.0,
3029,303,10,26.0,
3030,304,1,14.0,
3031,304,2,20.0,
3032,304,3,16.0,
3033,304,4,10.0,
3034,304,5,12.0,
3035,304,6,7.0,
3036,304,7,13.0,
3037,304,8,13.0,
3038,304,9,10.0,
3039,304,10,14.0,
3040,305,1,15.0,
3041,305,2,11.0,
3042,305,3,11.0,
3043,305,4,12.0,
3044,305,5,11.0,
3045,305,6,8.0,
3046,305,7,10.0,
3047,305,8,9.0,
3048,305,9,9.0,
3049,305,10,10.0,
3050,306,1,7.0,
3051,306,2,7.0,
3052,306,3,9.0,
3053,306,4,14.0,
3054,306,5,15.0,
3055,306,6,13.0,
3056,306,7,8.0,
3057,306,8,10.0,
3058,306,9,10.0,
3059,306,10,8.0,
3060,307,1,5.0,
3061,307,2,10.0,
3062,307,3,13.0,
3063,307,4,6.0,
3064,307,5,6.0,
3065,307,6,11.0,
3066,307,7,12.0,
3067,307,8,7.0,
3068,307,9,8.0,
3069,307,10,9.0,
3070,308,1,5.0,
3071,308,2,6.0,
3072,308,3,8.0,
3073,308,4,4.0,
3074,308,5,4.0,
3075,308,6,9.0,
3076,308,7,6.0,
3077,308,8,10.0,
3078,308,9,5.0,
3079,308,10,9.0,
3080,309,1,4.0,
3081,309,2,6.0,
3082,309,3,6.0,
3083,309,4,6.0,
3084,309,5,6.0,
3085,309,6,4.0,
3086,309,7,6.0,
3087,309,8,7.0,
3088,309,9,10.0,
3089,309,10,6.0,
3090,310,1,4.0,
3091,310,2,7.0,
3092,310,3,4.0,
3093,310,4,4.0,
3094,310,5,3.0,
3095,310,6,3.0,
3096,310,7,7.0,
3097,310,8,6.0,
3098,310,9,3.0,
3099,310,10,4.0,
3100,311,1,4.0,
3101,311,2,3.0,
3102,311,3,2.0,
3103,311,4,2.0,
3104,311,5,2.0,
3105,311,6,4.0,
3106,311,7,3.0,
3107,311,8,2.0,
3108,311,9,2.0,
3109,311,10,4.0,
3110,312,1,3.0,
3111,312,2,2.0,
3112,312,3,1.0,
3113,312,4,2.0,
3114,312,5,4.0,
3115,312,6,1.0,
3116,312,7,1.0,
3117,312,8,1.0,
3118,313,1,1.0,
3119,313,2,1.0,
3120,313,3,1.0,
